stack0_mha_x,N,"B/bp,Seq,H,D",1,,,T,,,,,,"B/bp,Seq,H,D",1,,
stack0_mha_wq,Y,"H,D,D",1,,,T,,,,,,"H,D,D",1,,
stack0_mha_wk,Y,"H,D,D",1,,,T,,,,,,"H,D,D",1,,
stack0_mha_wv,Y,"H,D,D",1,,,T,,,,,,"H,D,D",1,,
stack0_mha_q,N,"B/bp,Seq,H,D",1,stack0_mha_x,stack0_mha_wq,M,"bshd,hde->bshe","B/bp,Seq,H,D",1.00000000000000,"H,D,D",1.00000000000000,"B/bp,Seq,H,D",D,,B*D**2*H*Seq/bp
stack0_mha_k,N,"B/bp,Seq,H,D",1,stack0_mha_x,stack0_mha_wk,M,"bshd,hde->bshe","B/bp,Seq,H,D",1.00000000000000,"H,D,D",1.00000000000000,"B/bp,Seq,H,D",D,,B*D**2*H*Seq/bp
stack0_mha_v,N,"B/bp,Seq,H,D",1,stack0_mha_x,stack0_mha_wv,M,"bshd,hde->bshe","B/bp,Seq,H,D",1.00000000000000,"H,D,D",1.00000000000000,"B/bp,Seq,H,D",D,,B*D**2*H*Seq/bp
stack0_mha_qk,N,"B/bp,Seq,Seq,H",1,stack0_mha_q,stack0_mha_k,M,"bshd,bwhd->bswh","B/bp,Seq,H,D",1.00000000000000,"B/bp,Seq,H,D",1.00000000000000,"B/bp,Seq,Seq,H",D,,B*D*H*Seq**2/bp
stack0_mha_qkv,N,"B/bp,Seq,H,D",1,stack0_mha_qk,stack0_mha_v,M,"bswh,bwhd->bshd","B/bp,Seq,Seq,H",1.00000000000000,"B/bp,Seq,H,D",1.00000000000000,"B/bp,Seq,H,D",Seq,,B*D*H*Seq**2/bp
stack0_mha_res,N,"B/bp,Seq,H,D",1,stack0_mha_qkv,stack0_mha_x,A,,"B/bp,Seq,H,D",1.00000000000000,"B/bp,Seq,H,D",1.00000000000000,"B/bp,Seq,H,D",1,,B*D*H*Seq/bp
stack0_ffn_x0,N,"B/bp,Seq,D*H",1,stack0_mha_res,,E,10,"B/bp,Seq,H,D",1.00000000000000,,,"B/bp,Seq,H,D",1,,B*D*H*Seq/bp
stack0_ffn_w1,Y,"D*H,DF*H",1,,,T,,,,,,"D*H,DF*H",1,,
stack0_ffn_x1,N,"B/bp,Seq,DF*H",1,stack0_ffn_x0,stack0_ffn_w1,M,"bsd,de->bse","B/bp,Seq,D*H",1.00000000000000,"D*H,DF*H",1.00000000000000,"B/bp,Seq,DF*H",D*H,,B*D*DF*H**2*Seq/bp
stack0_ffn_w2,Y,"DF*H,D*H",1,,,T,,,,,,"DF*H,D*H",1,,
stack0_ffn_x2,N,"B/bp,Seq,D*H",1,stack0_ffn_x1,stack0_ffn_w2,M,"bsd,de->bse","B/bp,Seq,DF*H",1.00000000000000,"DF*H,D*H",1.00000000000000,"B/bp,Seq,D*H",DF*H,,B*D*DF*H**2*Seq/bp
stack0_ffn_res,N,"B/bp,Seq,D*H",1,stack0_ffn_x2,stack0_ffn_x0,A,,"B/bp,Seq,D*H",1.00000000000000,"B/bp,Seq,D*H",1.00000000000000,"B/bp,Seq,D*H",1,,B*D*H*Seq/bp
stack1_mha_x,N,"B/bp,Seq,H,D",1,stack0_ffn_res,,E,10,"B/bp,Seq,D*H",1.00000000000000,,,"B/bp,Seq,D*H",1,,10*B*D*H*Seq/bp
stack1_mha_wq,Y,"H,D,D",1,,,T,,,,,,"H,D,D",1,,
stack1_mha_wk,Y,"H,D,D",1,,,T,,,,,,"H,D,D",1,,
stack1_mha_wv,Y,"H,D,D",1,,,T,,,,,,"H,D,D",1,,
stack1_mha_q,N,"B/bp,Seq,H,D",1,stack1_mha_x,stack1_mha_wq,M,"bshd,hde->bshe","B/bp,Seq,H,D",1.00000000000000,"H,D,D",1.00000000000000,"B/bp,Seq,H,D",D,,B*D**2*H*Seq/bp
stack1_mha_k,N,"B/bp,Seq,H,D",1,stack1_mha_x,stack1_mha_wk,M,"bshd,hde->bshe","B/bp,Seq,H,D",1.00000000000000,"H,D,D",1.00000000000000,"B/bp,Seq,H,D",D,,B*D**2*H*Seq/bp
stack1_mha_v,N,"B/bp,Seq,H,D",1,stack1_mha_x,stack1_mha_wv,M,"bshd,hde->bshe","B/bp,Seq,H,D",1.00000000000000,"H,D,D",1.00000000000000,"B/bp,Seq,H,D",D,,B*D**2*H*Seq/bp
stack1_mha_qk,N,"B/bp,Seq,Seq,H",1,stack1_mha_q,stack1_mha_k,M,"bshd,bwhd->bswh","B/bp,Seq,H,D",1.00000000000000,"B/bp,Seq,H,D",1.00000000000000,"B/bp,Seq,Seq,H",D,,B*D*H*Seq**2/bp
stack1_mha_qkv,N,"B/bp,Seq,H,D",1,stack1_mha_qk,stack1_mha_v,M,"bswh,bwhd->bshd","B/bp,Seq,Seq,H",1.00000000000000,"B/bp,Seq,H,D",1.00000000000000,"B/bp,Seq,H,D",Seq,,B*D*H*Seq**2/bp
stack1_mha_res,N,"B/bp,Seq,H,D",1,stack1_mha_qkv,stack1_mha_x,A,,"B/bp,Seq,H,D",1.00000000000000,"B/bp,Seq,H,D",1.00000000000000,"B/bp,Seq,H,D",1,,B*D*H*Seq/bp
stack1_ffn_x0,N,"B/bp,Seq,D*H",1,stack1_mha_res,,E,10,"B/bp,Seq,H,D",1.00000000000000,,,"B/bp,Seq,H,D",1,,B*D*H*Seq/bp
stack1_ffn_w1,Y,"D*H,DF*H",1,,,T,,,,,,"D*H,DF*H",1,,
stack1_ffn_x1,N,"B/bp,Seq,DF*H",1,stack1_ffn_x0,stack1_ffn_w1,M,"bsd,de->bse","B/bp,Seq,D*H",1.00000000000000,"D*H,DF*H",1.00000000000000,"B/bp,Seq,DF*H",D*H,,B*D*DF*H**2*Seq/bp
stack1_ffn_w2,Y,"DF*H,D*H",1,,,T,,,,,,"DF*H,D*H",1,,
stack1_ffn_x2,N,"B/bp,Seq,D*H",1,stack1_ffn_x1,stack1_ffn_w2,M,"bsd,de->bse","B/bp,Seq,DF*H",1.00000000000000,"DF*H,D*H",1.00000000000000,"B/bp,Seq,D*H",DF*H,,B*D*DF*H**2*Seq/bp
stack1_ffn_res,N,"B/bp,Seq,D*H",1,stack1_ffn_x2,stack1_ffn_x0,A,,"B/bp,Seq,D*H",1.00000000000000,"B/bp,Seq,D*H",1.00000000000000,"B/bp,Seq,D*H",1,,B*D*H*Seq/bp
stack2_mha_x,N,"B/bp,Seq,H,D",1,stack1_ffn_res,,E,10,"B/bp,Seq,D*H",1.00000000000000,,,"B/bp,Seq,D*H",1,,10*B*D*H*Seq/bp
stack2_mha_wq,Y,"H,D,D",1,,,T,,,,,,"H,D,D",1,,
stack2_mha_wk,Y,"H,D,D",1,,,T,,,,,,"H,D,D",1,,
stack2_mha_wv,Y,"H,D,D",1,,,T,,,,,,"H,D,D",1,,
stack2_mha_q,N,"B/bp,Seq,H,D",1,stack2_mha_x,stack2_mha_wq,M,"bshd,hde->bshe","B/bp,Seq,H,D",1.00000000000000,"H,D,D",1.00000000000000,"B/bp,Seq,H,D",D,,B*D**2*H*Seq/bp
stack2_mha_k,N,"B/bp,Seq,H,D",1,stack2_mha_x,stack2_mha_wk,M,"bshd,hde->bshe","B/bp,Seq,H,D",1.00000000000000,"H,D,D",1.00000000000000,"B/bp,Seq,H,D",D,,B*D**2*H*Seq/bp
stack2_mha_v,N,"B/bp,Seq,H,D",1,stack2_mha_x,stack2_mha_wv,M,"bshd,hde->bshe","B/bp,Seq,H,D",1.00000000000000,"H,D,D",1.00000000000000,"B/bp,Seq,H,D",D,,B*D**2*H*Seq/bp
stack2_mha_qk,N,"B/bp,Seq,Seq,H",1,stack2_mha_q,stack2_mha_k,M,"bshd,bwhd->bswh","B/bp,Seq,H,D",1.00000000000000,"B/bp,Seq,H,D",1.00000000000000,"B/bp,Seq,Seq,H",D,,B*D*H*Seq**2/bp
stack2_mha_qkv,N,"B/bp,Seq,H,D",1,stack2_mha_qk,stack2_mha_v,M,"bswh,bwhd->bshd","B/bp,Seq,Seq,H",1.00000000000000,"B/bp,Seq,H,D",1.00000000000000,"B/bp,Seq,H,D",Seq,,B*D*H*Seq**2/bp
stack2_mha_res,N,"B/bp,Seq,H,D",1,stack2_mha_qkv,stack2_mha_x,A,,"B/bp,Seq,H,D",1.00000000000000,"B/bp,Seq,H,D",1.00000000000000,"B/bp,Seq,H,D",1,,B*D*H*Seq/bp
stack2_ffn_x0,N,"B/bp,Seq,D*H",1,stack2_mha_res,,E,10,"B/bp,Seq,H,D",1.00000000000000,,,"B/bp,Seq,H,D",1,,B*D*H*Seq/bp
stack2_ffn_w1,Y,"D*H,DF*H",1,,,T,,,,,,"D*H,DF*H",1,,
stack2_ffn_x1,N,"B/bp,Seq,DF*H",1,stack2_ffn_x0,stack2_ffn_w1,M,"bsd,de->bse","B/bp,Seq,D*H",1.00000000000000,"D*H,DF*H",1.00000000000000,"B/bp,Seq,DF*H",D*H,,B*D*DF*H**2*Seq/bp
stack2_ffn_w2,Y,"DF*H,D*H",1,,,T,,,,,,"DF*H,D*H",1,,
stack2_ffn_x2,N,"B/bp,Seq,D*H",1,stack2_ffn_x1,stack2_ffn_w2,M,"bsd,de->bse","B/bp,Seq,DF*H",1.00000000000000,"DF*H,D*H",1.00000000000000,"B/bp,Seq,D*H",DF*H,,B*D*DF*H**2*Seq/bp
stack2_ffn_res,N,"B/bp,Seq,D*H",1,stack2_ffn_x2,stack2_ffn_x0,A,,"B/bp,Seq,D*H",1.00000000000000,"B/bp,Seq,D*H",1.00000000000000,"B/bp,Seq,D*H",1,,B*D*H*Seq/bp
stack3_mha_x,N,"B/bp,Seq,H,D",1,stack2_ffn_res,,E,10,"B/bp,Seq,D*H",1.00000000000000,,,"B/bp,Seq,D*H",1,,10*B*D*H*Seq/bp
stack3_mha_wq,Y,"H,D,D",1,,,T,,,,,,"H,D,D",1,,
stack3_mha_wk,Y,"H,D,D",1,,,T,,,,,,"H,D,D",1,,
stack3_mha_wv,Y,"H,D,D",1,,,T,,,,,,"H,D,D",1,,
stack3_mha_q,N,"B/bp,Seq,H,D",1,stack3_mha_x,stack3_mha_wq,M,"bshd,hde->bshe","B/bp,Seq,H,D",1.00000000000000,"H,D,D",1.00000000000000,"B/bp,Seq,H,D",D,,B*D**2*H*Seq/bp
stack3_mha_k,N,"B/bp,Seq,H,D",1,stack3_mha_x,stack3_mha_wk,M,"bshd,hde->bshe","B/bp,Seq,H,D",1.00000000000000,"H,D,D",1.00000000000000,"B/bp,Seq,H,D",D,,B*D**2*H*Seq/bp
stack3_mha_v,N,"B/bp,Seq,H,D",1,stack3_mha_x,stack3_mha_wv,M,"bshd,hde->bshe","B/bp,Seq,H,D",1.00000000000000,"H,D,D",1.00000000000000,"B/bp,Seq,H,D",D,,B*D**2*H*Seq/bp
stack3_mha_qk,N,"B/bp,Seq,Seq,H",1,stack3_mha_q,stack3_mha_k,M,"bshd,bwhd->bswh","B/bp,Seq,H,D",1.00000000000000,"B/bp,Seq,H,D",1.00000000000000,"B/bp,Seq,Seq,H",D,,B*D*H*Seq**2/bp
stack3_mha_qkv,N,"B/bp,Seq,H,D",1,stack3_mha_qk,stack3_mha_v,M,"bswh,bwhd->bshd","B/bp,Seq,Seq,H",1.00000000000000,"B/bp,Seq,H,D",1.00000000000000,"B/bp,Seq,H,D",Seq,,B*D*H*Seq**2/bp
stack3_mha_res,N,"B/bp,Seq,H,D",1,stack3_mha_qkv,stack3_mha_x,A,,"B/bp,Seq,H,D",1.00000000000000,"B/bp,Seq,H,D",1.00000000000000,"B/bp,Seq,H,D",1,,B*D*H*Seq/bp
stack3_ffn_x0,N,"B/bp,Seq,D*H",1,stack3_mha_res,,E,10,"B/bp,Seq,H,D",1.00000000000000,,,"B/bp,Seq,H,D",1,,B*D*H*Seq/bp
stack3_ffn_w1,Y,"D*H,DF*H",1,,,T,,,,,,"D*H,DF*H",1,,
stack3_ffn_x1,N,"B/bp,Seq,DF*H",1,stack3_ffn_x0,stack3_ffn_w1,M,"bsd,de->bse","B/bp,Seq,D*H",1.00000000000000,"D*H,DF*H",1.00000000000000,"B/bp,Seq,DF*H",D*H,,B*D*DF*H**2*Seq/bp
stack3_ffn_w2,Y,"DF*H,D*H",1,,,T,,,,,,"DF*H,D*H",1,,
stack3_ffn_x2,N,"B/bp,Seq,D*H",1,stack3_ffn_x1,stack3_ffn_w2,M,"bsd,de->bse","B/bp,Seq,DF*H",1.00000000000000,"DF*H,D*H",1.00000000000000,"B/bp,Seq,D*H",DF*H,,B*D*DF*H**2*Seq/bp
stack3_ffn_res,N,"B/bp,Seq,D*H",1,stack3_ffn_x2,stack3_ffn_x0,A,,"B/bp,Seq,D*H",1.00000000000000,"B/bp,Seq,D*H",1.00000000000000,"B/bp,Seq,D*H",1,,B*D*H*Seq/bp
stack4_mha_x,N,"B/bp,Seq,H,D",1,stack3_ffn_res,,E,10,"B/bp,Seq,D*H",1.00000000000000,,,"B/bp,Seq,D*H",1,,10*B*D*H*Seq/bp
stack4_mha_wq,Y,"H,D,D",1,,,T,,,,,,"H,D,D",1,,
stack4_mha_wk,Y,"H,D,D",1,,,T,,,,,,"H,D,D",1,,
stack4_mha_wv,Y,"H,D,D",1,,,T,,,,,,"H,D,D",1,,
stack4_mha_q,N,"B/bp,Seq,H,D",1,stack4_mha_x,stack4_mha_wq,M,"bshd,hde->bshe","B/bp,Seq,H,D",1.00000000000000,"H,D,D",1.00000000000000,"B/bp,Seq,H,D",D,,B*D**2*H*Seq/bp
stack4_mha_k,N,"B/bp,Seq,H,D",1,stack4_mha_x,stack4_mha_wk,M,"bshd,hde->bshe","B/bp,Seq,H,D",1.00000000000000,"H,D,D",1.00000000000000,"B/bp,Seq,H,D",D,,B*D**2*H*Seq/bp
stack4_mha_v,N,"B/bp,Seq,H,D",1,stack4_mha_x,stack4_mha_wv,M,"bshd,hde->bshe","B/bp,Seq,H,D",1.00000000000000,"H,D,D",1.00000000000000,"B/bp,Seq,H,D",D,,B*D**2*H*Seq/bp
stack4_mha_qk,N,"B/bp,Seq,Seq,H",1,stack4_mha_q,stack4_mha_k,M,"bshd,bwhd->bswh","B/bp,Seq,H,D",1.00000000000000,"B/bp,Seq,H,D",1.00000000000000,"B/bp,Seq,Seq,H",D,,B*D*H*Seq**2/bp
stack4_mha_qkv,N,"B/bp,Seq,H,D",1,stack4_mha_qk,stack4_mha_v,M,"bswh,bwhd->bshd","B/bp,Seq,Seq,H",1.00000000000000,"B/bp,Seq,H,D",1.00000000000000,"B/bp,Seq,H,D",Seq,,B*D*H*Seq**2/bp
stack4_mha_res,N,"B/bp,Seq,H,D",1,stack4_mha_qkv,stack4_mha_x,A,,"B/bp,Seq,H,D",1.00000000000000,"B/bp,Seq,H,D",1.00000000000000,"B/bp,Seq,H,D",1,,B*D*H*Seq/bp
stack4_ffn_x0,N,"B/bp,Seq,D*H",1,stack4_mha_res,,E,10,"B/bp,Seq,H,D",1.00000000000000,,,"B/bp,Seq,H,D",1,,B*D*H*Seq/bp
stack4_ffn_w1,Y,"D*H,DF*H",1,,,T,,,,,,"D*H,DF*H",1,,
stack4_ffn_x1,N,"B/bp,Seq,DF*H",1,stack4_ffn_x0,stack4_ffn_w1,M,"bsd,de->bse","B/bp,Seq,D*H",1.00000000000000,"D*H,DF*H",1.00000000000000,"B/bp,Seq,DF*H",D*H,,B*D*DF*H**2*Seq/bp
stack4_ffn_w2,Y,"DF*H,D*H",1,,,T,,,,,,"DF*H,D*H",1,,
stack4_ffn_x2,N,"B/bp,Seq,D*H",1,stack4_ffn_x1,stack4_ffn_w2,M,"bsd,de->bse","B/bp,Seq,DF*H",1.00000000000000,"DF*H,D*H",1.00000000000000,"B/bp,Seq,D*H",DF*H,,B*D*DF*H**2*Seq/bp
stack4_ffn_res,N,"B/bp,Seq,D*H",1,stack4_ffn_x2,stack4_ffn_x0,A,,"B/bp,Seq,D*H",1.00000000000000,"B/bp,Seq,D*H",1.00000000000000,"B/bp,Seq,D*H",1,,B*D*H*Seq/bp
stack5_mha_x,N,"B/bp,Seq,H,D",1,stack4_ffn_res,,E,10,"B/bp,Seq,D*H",1.00000000000000,,,"B/bp,Seq,D*H",1,,10*B*D*H*Seq/bp
stack5_mha_wq,Y,"H,D,D",1,,,T,,,,,,"H,D,D",1,,
stack5_mha_wk,Y,"H,D,D",1,,,T,,,,,,"H,D,D",1,,
stack5_mha_wv,Y,"H,D,D",1,,,T,,,,,,"H,D,D",1,,
stack5_mha_q,N,"B/bp,Seq,H,D",1,stack5_mha_x,stack5_mha_wq,M,"bshd,hde->bshe","B/bp,Seq,H,D",1.00000000000000,"H,D,D",1.00000000000000,"B/bp,Seq,H,D",D,,B*D**2*H*Seq/bp
stack5_mha_k,N,"B/bp,Seq,H,D",1,stack5_mha_x,stack5_mha_wk,M,"bshd,hde->bshe","B/bp,Seq,H,D",1.00000000000000,"H,D,D",1.00000000000000,"B/bp,Seq,H,D",D,,B*D**2*H*Seq/bp
stack5_mha_v,N,"B/bp,Seq,H,D",1,stack5_mha_x,stack5_mha_wv,M,"bshd,hde->bshe","B/bp,Seq,H,D",1.00000000000000,"H,D,D",1.00000000000000,"B/bp,Seq,H,D",D,,B*D**2*H*Seq/bp
stack5_mha_qk,N,"B/bp,Seq,Seq,H",1,stack5_mha_q,stack5_mha_k,M,"bshd,bwhd->bswh","B/bp,Seq,H,D",1.00000000000000,"B/bp,Seq,H,D",1.00000000000000,"B/bp,Seq,Seq,H",D,,B*D*H*Seq**2/bp
stack5_mha_qkv,N,"B/bp,Seq,H,D",1,stack5_mha_qk,stack5_mha_v,M,"bswh,bwhd->bshd","B/bp,Seq,Seq,H",1.00000000000000,"B/bp,Seq,H,D",1.00000000000000,"B/bp,Seq,H,D",Seq,,B*D*H*Seq**2/bp
stack5_mha_res,N,"B/bp,Seq,H,D",1,stack5_mha_qkv,stack5_mha_x,A,,"B/bp,Seq,H,D",1.00000000000000,"B/bp,Seq,H,D",1.00000000000000,"B/bp,Seq,H,D",1,,B*D*H*Seq/bp
stack5_ffn_x0,N,"B/bp,Seq,D*H",1,stack5_mha_res,,E,10,"B/bp,Seq,H,D",1.00000000000000,,,"B/bp,Seq,H,D",1,,B*D*H*Seq/bp
stack5_ffn_w1,Y,"D*H,DF*H",1,,,T,,,,,,"D*H,DF*H",1,,
stack5_ffn_x1,N,"B/bp,Seq,DF*H",1,stack5_ffn_x0,stack5_ffn_w1,M,"bsd,de->bse","B/bp,Seq,D*H",1.00000000000000,"D*H,DF*H",1.00000000000000,"B/bp,Seq,DF*H",D*H,,B*D*DF*H**2*Seq/bp
stack5_ffn_w2,Y,"DF*H,D*H",1,,,T,,,,,,"DF*H,D*H",1,,
stack5_ffn_x2,N,"B/bp,Seq,D*H",1,stack5_ffn_x1,stack5_ffn_w2,M,"bsd,de->bse","B/bp,Seq,DF*H",1.00000000000000,"DF*H,D*H",1.00000000000000,"B/bp,Seq,D*H",DF*H,,B*D*DF*H**2*Seq/bp
stack5_ffn_res,N,"B/bp,Seq,D*H",1,stack5_ffn_x2,stack5_ffn_x0,A,,"B/bp,Seq,D*H",1.00000000000000,"B/bp,Seq,D*H",1.00000000000000,"B/bp,Seq,D*H",1,,B*D*H*Seq/bp
stack6_mha_x,N,"B/bp,Seq,H,D",1,stack5_ffn_res,,E,10,"B/bp,Seq,D*H",1.00000000000000,,,"B/bp,Seq,D*H",1,,10*B*D*H*Seq/bp
stack6_mha_wq,Y,"H,D,D",1,,,T,,,,,,"H,D,D",1,,
stack6_mha_wk,Y,"H,D,D",1,,,T,,,,,,"H,D,D",1,,
stack6_mha_wv,Y,"H,D,D",1,,,T,,,,,,"H,D,D",1,,
stack6_mha_q,N,"B/bp,Seq,H,D",1,stack6_mha_x,stack6_mha_wq,M,"bshd,hde->bshe","B/bp,Seq,H,D",1.00000000000000,"H,D,D",1.00000000000000,"B/bp,Seq,H,D",D,,B*D**2*H*Seq/bp
stack6_mha_k,N,"B/bp,Seq,H,D",1,stack6_mha_x,stack6_mha_wk,M,"bshd,hde->bshe","B/bp,Seq,H,D",1.00000000000000,"H,D,D",1.00000000000000,"B/bp,Seq,H,D",D,,B*D**2*H*Seq/bp
stack6_mha_v,N,"B/bp,Seq,H,D",1,stack6_mha_x,stack6_mha_wv,M,"bshd,hde->bshe","B/bp,Seq,H,D",1.00000000000000,"H,D,D",1.00000000000000,"B/bp,Seq,H,D",D,,B*D**2*H*Seq/bp
stack6_mha_qk,N,"B/bp,Seq,Seq,H",1,stack6_mha_q,stack6_mha_k,M,"bshd,bwhd->bswh","B/bp,Seq,H,D",1.00000000000000,"B/bp,Seq,H,D",1.00000000000000,"B/bp,Seq,Seq,H",D,,B*D*H*Seq**2/bp
stack6_mha_qkv,N,"B/bp,Seq,H,D",1,stack6_mha_qk,stack6_mha_v,M,"bswh,bwhd->bshd","B/bp,Seq,Seq,H",1.00000000000000,"B/bp,Seq,H,D",1.00000000000000,"B/bp,Seq,H,D",Seq,,B*D*H*Seq**2/bp
stack6_mha_res,N,"B/bp,Seq,H,D",1,stack6_mha_qkv,stack6_mha_x,A,,"B/bp,Seq,H,D",1.00000000000000,"B/bp,Seq,H,D",1.00000000000000,"B/bp,Seq,H,D",1,,B*D*H*Seq/bp
stack6_ffn_x0,N,"B/bp,Seq,D*H",1,stack6_mha_res,,E,10,"B/bp,Seq,H,D",1.00000000000000,,,"B/bp,Seq,H,D",1,,B*D*H*Seq/bp
stack6_ffn_w1,Y,"D*H,DF*H",1,,,T,,,,,,"D*H,DF*H",1,,
stack6_ffn_x1,N,"B/bp,Seq,DF*H",1,stack6_ffn_x0,stack6_ffn_w1,M,"bsd,de->bse","B/bp,Seq,D*H",1.00000000000000,"D*H,DF*H",1.00000000000000,"B/bp,Seq,DF*H",D*H,,B*D*DF*H**2*Seq/bp
stack6_ffn_w2,Y,"DF*H,D*H",1,,,T,,,,,,"DF*H,D*H",1,,
stack6_ffn_x2,N,"B/bp,Seq,D*H",1,stack6_ffn_x1,stack6_ffn_w2,M,"bsd,de->bse","B/bp,Seq,DF*H",1.00000000000000,"DF*H,D*H",1.00000000000000,"B/bp,Seq,D*H",DF*H,,B*D*DF*H**2*Seq/bp
stack6_ffn_res,N,"B/bp,Seq,D*H",1,stack6_ffn_x2,stack6_ffn_x0,A,,"B/bp,Seq,D*H",1.00000000000000,"B/bp,Seq,D*H",1.00000000000000,"B/bp,Seq,D*H",1,,B*D*H*Seq/bp
stack7_mha_x,N,"B/bp,Seq,H,D",1,stack6_ffn_res,,E,10,"B/bp,Seq,D*H",1.00000000000000,,,"B/bp,Seq,D*H",1,,10*B*D*H*Seq/bp
stack7_mha_wq,Y,"H,D,D",1,,,T,,,,,,"H,D,D",1,,
stack7_mha_wk,Y,"H,D,D",1,,,T,,,,,,"H,D,D",1,,
stack7_mha_wv,Y,"H,D,D",1,,,T,,,,,,"H,D,D",1,,
stack7_mha_q,N,"B/bp,Seq,H,D",1,stack7_mha_x,stack7_mha_wq,M,"bshd,hde->bshe","B/bp,Seq,H,D",1.00000000000000,"H,D,D",1.00000000000000,"B/bp,Seq,H,D",D,,B*D**2*H*Seq/bp
stack7_mha_k,N,"B/bp,Seq,H,D",1,stack7_mha_x,stack7_mha_wk,M,"bshd,hde->bshe","B/bp,Seq,H,D",1.00000000000000,"H,D,D",1.00000000000000,"B/bp,Seq,H,D",D,,B*D**2*H*Seq/bp
stack7_mha_v,N,"B/bp,Seq,H,D",1,stack7_mha_x,stack7_mha_wv,M,"bshd,hde->bshe","B/bp,Seq,H,D",1.00000000000000,"H,D,D",1.00000000000000,"B/bp,Seq,H,D",D,,B*D**2*H*Seq/bp
stack7_mha_qk,N,"B/bp,Seq,Seq,H",1,stack7_mha_q,stack7_mha_k,M,"bshd,bwhd->bswh","B/bp,Seq,H,D",1.00000000000000,"B/bp,Seq,H,D",1.00000000000000,"B/bp,Seq,Seq,H",D,,B*D*H*Seq**2/bp
stack7_mha_qkv,N,"B/bp,Seq,H,D",1,stack7_mha_qk,stack7_mha_v,M,"bswh,bwhd->bshd","B/bp,Seq,Seq,H",1.00000000000000,"B/bp,Seq,H,D",1.00000000000000,"B/bp,Seq,H,D",Seq,,B*D*H*Seq**2/bp
stack7_mha_res,N,"B/bp,Seq,H,D",1,stack7_mha_qkv,stack7_mha_x,A,,"B/bp,Seq,H,D",1.00000000000000,"B/bp,Seq,H,D",1.00000000000000,"B/bp,Seq,H,D",1,,B*D*H*Seq/bp
stack7_ffn_x0,N,"B/bp,Seq,D*H",1,stack7_mha_res,,E,10,"B/bp,Seq,H,D",1.00000000000000,,,"B/bp,Seq,H,D",1,,B*D*H*Seq/bp
stack7_ffn_w1,Y,"D*H,DF*H",1,,,T,,,,,,"D*H,DF*H",1,,
stack7_ffn_x1,N,"B/bp,Seq,DF*H",1,stack7_ffn_x0,stack7_ffn_w1,M,"bsd,de->bse","B/bp,Seq,D*H",1.00000000000000,"D*H,DF*H",1.00000000000000,"B/bp,Seq,DF*H",D*H,,B*D*DF*H**2*Seq/bp
stack7_ffn_w2,Y,"DF*H,D*H",1,,,T,,,,,,"DF*H,D*H",1,,
stack7_ffn_x2,N,"B/bp,Seq,D*H",1,stack7_ffn_x1,stack7_ffn_w2,M,"bsd,de->bse","B/bp,Seq,DF*H",1.00000000000000,"DF*H,D*H",1.00000000000000,"B/bp,Seq,D*H",DF*H,,B*D*DF*H**2*Seq/bp
stack7_ffn_res,N,"B/bp,Seq,D*H",1,stack7_ffn_x2,stack7_ffn_x0,A,,"B/bp,Seq,D*H",1.00000000000000,"B/bp,Seq,D*H",1.00000000000000,"B/bp,Seq,D*H",1,,B*D*H*Seq/bp
stack8_mha_x,N,"B/bp,Seq,H,D",1,stack7_ffn_res,,E,10,"B/bp,Seq,D*H",1.00000000000000,,,"B/bp,Seq,D*H",1,,10*B*D*H*Seq/bp
stack8_mha_wq,Y,"H,D,D",1,,,T,,,,,,"H,D,D",1,,
stack8_mha_wk,Y,"H,D,D",1,,,T,,,,,,"H,D,D",1,,
stack8_mha_wv,Y,"H,D,D",1,,,T,,,,,,"H,D,D",1,,
stack8_mha_q,N,"B/bp,Seq,H,D",1,stack8_mha_x,stack8_mha_wq,M,"bshd,hde->bshe","B/bp,Seq,H,D",1.00000000000000,"H,D,D",1.00000000000000,"B/bp,Seq,H,D",D,,B*D**2*H*Seq/bp
stack8_mha_k,N,"B/bp,Seq,H,D",1,stack8_mha_x,stack8_mha_wk,M,"bshd,hde->bshe","B/bp,Seq,H,D",1.00000000000000,"H,D,D",1.00000000000000,"B/bp,Seq,H,D",D,,B*D**2*H*Seq/bp
stack8_mha_v,N,"B/bp,Seq,H,D",1,stack8_mha_x,stack8_mha_wv,M,"bshd,hde->bshe","B/bp,Seq,H,D",1.00000000000000,"H,D,D",1.00000000000000,"B/bp,Seq,H,D",D,,B*D**2*H*Seq/bp
stack8_mha_qk,N,"B/bp,Seq,Seq,H",1,stack8_mha_q,stack8_mha_k,M,"bshd,bwhd->bswh","B/bp,Seq,H,D",1.00000000000000,"B/bp,Seq,H,D",1.00000000000000,"B/bp,Seq,Seq,H",D,,B*D*H*Seq**2/bp
stack8_mha_qkv,N,"B/bp,Seq,H,D",1,stack8_mha_qk,stack8_mha_v,M,"bswh,bwhd->bshd","B/bp,Seq,Seq,H",1.00000000000000,"B/bp,Seq,H,D",1.00000000000000,"B/bp,Seq,H,D",Seq,,B*D*H*Seq**2/bp
stack8_mha_res,N,"B/bp,Seq,H,D",1,stack8_mha_qkv,stack8_mha_x,A,,"B/bp,Seq,H,D",1.00000000000000,"B/bp,Seq,H,D",1.00000000000000,"B/bp,Seq,H,D",1,,B*D*H*Seq/bp
stack8_ffn_x0,N,"B/bp,Seq,D*H",1,stack8_mha_res,,E,10,"B/bp,Seq,H,D",1.00000000000000,,,"B/bp,Seq,H,D",1,,B*D*H*Seq/bp
stack8_ffn_w1,Y,"D*H,DF*H",1,,,T,,,,,,"D*H,DF*H",1,,
stack8_ffn_x1,N,"B/bp,Seq,DF*H",1,stack8_ffn_x0,stack8_ffn_w1,M,"bsd,de->bse","B/bp,Seq,D*H",1.00000000000000,"D*H,DF*H",1.00000000000000,"B/bp,Seq,DF*H",D*H,,B*D*DF*H**2*Seq/bp
stack8_ffn_w2,Y,"DF*H,D*H",1,,,T,,,,,,"DF*H,D*H",1,,
stack8_ffn_x2,N,"B/bp,Seq,D*H",1,stack8_ffn_x1,stack8_ffn_w2,M,"bsd,de->bse","B/bp,Seq,DF*H",1.00000000000000,"DF*H,D*H",1.00000000000000,"B/bp,Seq,D*H",DF*H,,B*D*DF*H**2*Seq/bp
stack8_ffn_res,N,"B/bp,Seq,D*H",1,stack8_ffn_x2,stack8_ffn_x0,A,,"B/bp,Seq,D*H",1.00000000000000,"B/bp,Seq,D*H",1.00000000000000,"B/bp,Seq,D*H",1,,B*D*H*Seq/bp
stack9_mha_x,N,"B/bp,Seq,H,D",1,stack8_ffn_res,,E,10,"B/bp,Seq,D*H",1.00000000000000,,,"B/bp,Seq,D*H",1,,10*B*D*H*Seq/bp
stack9_mha_wq,Y,"H,D,D",1,,,T,,,,,,"H,D,D",1,,
stack9_mha_wk,Y,"H,D,D",1,,,T,,,,,,"H,D,D",1,,
stack9_mha_wv,Y,"H,D,D",1,,,T,,,,,,"H,D,D",1,,
stack9_mha_q,N,"B/bp,Seq,H,D",1,stack9_mha_x,stack9_mha_wq,M,"bshd,hde->bshe","B/bp,Seq,H,D",1.00000000000000,"H,D,D",1.00000000000000,"B/bp,Seq,H,D",D,,B*D**2*H*Seq/bp
stack9_mha_k,N,"B/bp,Seq,H,D",1,stack9_mha_x,stack9_mha_wk,M,"bshd,hde->bshe","B/bp,Seq,H,D",1.00000000000000,"H,D,D",1.00000000000000,"B/bp,Seq,H,D",D,,B*D**2*H*Seq/bp
stack9_mha_v,N,"B/bp,Seq,H,D",1,stack9_mha_x,stack9_mha_wv,M,"bshd,hde->bshe","B/bp,Seq,H,D",1.00000000000000,"H,D,D",1.00000000000000,"B/bp,Seq,H,D",D,,B*D**2*H*Seq/bp
stack9_mha_qk,N,"B/bp,Seq,Seq,H",1,stack9_mha_q,stack9_mha_k,M,"bshd,bwhd->bswh","B/bp,Seq,H,D",1.00000000000000,"B/bp,Seq,H,D",1.00000000000000,"B/bp,Seq,Seq,H",D,,B*D*H*Seq**2/bp
stack9_mha_qkv,N,"B/bp,Seq,H,D",1,stack9_mha_qk,stack9_mha_v,M,"bswh,bwhd->bshd","B/bp,Seq,Seq,H",1.00000000000000,"B/bp,Seq,H,D",1.00000000000000,"B/bp,Seq,H,D",Seq,,B*D*H*Seq**2/bp
stack9_mha_res,N,"B/bp,Seq,H,D",1,stack9_mha_qkv,stack9_mha_x,A,,"B/bp,Seq,H,D",1.00000000000000,"B/bp,Seq,H,D",1.00000000000000,"B/bp,Seq,H,D",1,,B*D*H*Seq/bp
stack9_ffn_x0,N,"B/bp,Seq,D*H",1,stack9_mha_res,,E,10,"B/bp,Seq,H,D",1.00000000000000,,,"B/bp,Seq,H,D",1,,B*D*H*Seq/bp
stack9_ffn_w1,Y,"D*H,DF*H",1,,,T,,,,,,"D*H,DF*H",1,,
stack9_ffn_x1,N,"B/bp,Seq,DF*H",1,stack9_ffn_x0,stack9_ffn_w1,M,"bsd,de->bse","B/bp,Seq,D*H",1.00000000000000,"D*H,DF*H",1.00000000000000,"B/bp,Seq,DF*H",D*H,,B*D*DF*H**2*Seq/bp
stack9_ffn_w2,Y,"DF*H,D*H",1,,,T,,,,,,"DF*H,D*H",1,,
stack9_ffn_x2,N,"B/bp,Seq,D*H",1,stack9_ffn_x1,stack9_ffn_w2,M,"bsd,de->bse","B/bp,Seq,DF*H",1.00000000000000,"DF*H,D*H",1.00000000000000,"B/bp,Seq,D*H",DF*H,,B*D*DF*H**2*Seq/bp
stack9_ffn_res,N,"B/bp,Seq,D*H",1,stack9_ffn_x2,stack9_ffn_x0,A,,"B/bp,Seq,D*H",1.00000000000000,"B/bp,Seq,D*H",1.00000000000000,"B/bp,Seq,D*H",1,,B*D*H*Seq/bp
stack10_mha_x,N,"B/bp,Seq,H,D",1,stack9_ffn_res,,E,10,"B/bp,Seq,D*H",1.00000000000000,,,"B/bp,Seq,D*H",1,,10*B*D*H*Seq/bp
stack10_mha_wq,Y,"H,D,D",1,,,T,,,,,,"H,D,D",1,,
stack10_mha_wk,Y,"H,D,D",1,,,T,,,,,,"H,D,D",1,,
stack10_mha_wv,Y,"H,D,D",1,,,T,,,,,,"H,D,D",1,,
stack10_mha_q,N,"B/bp,Seq,H,D",1,stack10_mha_x,stack10_mha_wq,M,"bshd,hde->bshe","B/bp,Seq,H,D",1.00000000000000,"H,D,D",1.00000000000000,"B/bp,Seq,H,D",D,,B*D**2*H*Seq/bp
stack10_mha_k,N,"B/bp,Seq,H,D",1,stack10_mha_x,stack10_mha_wk,M,"bshd,hde->bshe","B/bp,Seq,H,D",1.00000000000000,"H,D,D",1.00000000000000,"B/bp,Seq,H,D",D,,B*D**2*H*Seq/bp
stack10_mha_v,N,"B/bp,Seq,H,D",1,stack10_mha_x,stack10_mha_wv,M,"bshd,hde->bshe","B/bp,Seq,H,D",1.00000000000000,"H,D,D",1.00000000000000,"B/bp,Seq,H,D",D,,B*D**2*H*Seq/bp
stack10_mha_qk,N,"B/bp,Seq,Seq,H",1,stack10_mha_q,stack10_mha_k,M,"bshd,bwhd->bswh","B/bp,Seq,H,D",1.00000000000000,"B/bp,Seq,H,D",1.00000000000000,"B/bp,Seq,Seq,H",D,,B*D*H*Seq**2/bp
stack10_mha_qkv,N,"B/bp,Seq,H,D",1,stack10_mha_qk,stack10_mha_v,M,"bswh,bwhd->bshd","B/bp,Seq,Seq,H",1.00000000000000,"B/bp,Seq,H,D",1.00000000000000,"B/bp,Seq,H,D",Seq,,B*D*H*Seq**2/bp
stack10_mha_res,N,"B/bp,Seq,H,D",1,stack10_mha_qkv,stack10_mha_x,A,,"B/bp,Seq,H,D",1.00000000000000,"B/bp,Seq,H,D",1.00000000000000,"B/bp,Seq,H,D",1,,B*D*H*Seq/bp
stack10_ffn_x0,N,"B/bp,Seq,D*H",1,stack10_mha_res,,E,10,"B/bp,Seq,H,D",1.00000000000000,,,"B/bp,Seq,H,D",1,,B*D*H*Seq/bp
stack10_ffn_w1,Y,"D*H,DF*H",1,,,T,,,,,,"D*H,DF*H",1,,
stack10_ffn_x1,N,"B/bp,Seq,DF*H",1,stack10_ffn_x0,stack10_ffn_w1,M,"bsd,de->bse","B/bp,Seq,D*H",1.00000000000000,"D*H,DF*H",1.00000000000000,"B/bp,Seq,DF*H",D*H,,B*D*DF*H**2*Seq/bp
stack10_ffn_w2,Y,"DF*H,D*H",1,,,T,,,,,,"DF*H,D*H",1,,
stack10_ffn_x2,N,"B/bp,Seq,D*H",1,stack10_ffn_x1,stack10_ffn_w2,M,"bsd,de->bse","B/bp,Seq,DF*H",1.00000000000000,"DF*H,D*H",1.00000000000000,"B/bp,Seq,D*H",DF*H,,B*D*DF*H**2*Seq/bp
stack10_ffn_res,N,"B/bp,Seq,D*H",1,stack10_ffn_x2,stack10_ffn_x0,A,,"B/bp,Seq,D*H",1.00000000000000,"B/bp,Seq,D*H",1.00000000000000,"B/bp,Seq,D*H",1,,B*D*H*Seq/bp
stack11_mha_x,N,"B/bp,Seq,H,D",1,stack10_ffn_res,,E,10,"B/bp,Seq,D*H",1.00000000000000,,,"B/bp,Seq,D*H",1,,10*B*D*H*Seq/bp
stack11_mha_wq,Y,"H,D,D",1,,,T,,,,,,"H,D,D",1,,
stack11_mha_wk,Y,"H,D,D",1,,,T,,,,,,"H,D,D",1,,
stack11_mha_wv,Y,"H,D,D",1,,,T,,,,,,"H,D,D",1,,
stack11_mha_q,N,"B/bp,Seq,H,D",1,stack11_mha_x,stack11_mha_wq,M,"bshd,hde->bshe","B/bp,Seq,H,D",1.00000000000000,"H,D,D",1.00000000000000,"B/bp,Seq,H,D",D,,B*D**2*H*Seq/bp
stack11_mha_k,N,"B/bp,Seq,H,D",1,stack11_mha_x,stack11_mha_wk,M,"bshd,hde->bshe","B/bp,Seq,H,D",1.00000000000000,"H,D,D",1.00000000000000,"B/bp,Seq,H,D",D,,B*D**2*H*Seq/bp
stack11_mha_v,N,"B/bp,Seq,H,D",1,stack11_mha_x,stack11_mha_wv,M,"bshd,hde->bshe","B/bp,Seq,H,D",1.00000000000000,"H,D,D",1.00000000000000,"B/bp,Seq,H,D",D,,B*D**2*H*Seq/bp
stack11_mha_qk,N,"B/bp,Seq,Seq,H",1,stack11_mha_q,stack11_mha_k,M,"bshd,bwhd->bswh","B/bp,Seq,H,D",1.00000000000000,"B/bp,Seq,H,D",1.00000000000000,"B/bp,Seq,Seq,H",D,,B*D*H*Seq**2/bp
stack11_mha_qkv,N,"B/bp,Seq,H,D",1,stack11_mha_qk,stack11_mha_v,M,"bswh,bwhd->bshd","B/bp,Seq,Seq,H",1.00000000000000,"B/bp,Seq,H,D",1.00000000000000,"B/bp,Seq,H,D",Seq,,B*D*H*Seq**2/bp
stack11_mha_res,N,"B/bp,Seq,H,D",1,stack11_mha_qkv,stack11_mha_x,A,,"B/bp,Seq,H,D",1.00000000000000,"B/bp,Seq,H,D",1.00000000000000,"B/bp,Seq,H,D",1,,B*D*H*Seq/bp
stack11_ffn_x0,N,"B/bp,Seq,D*H",1,stack11_mha_res,,E,10,"B/bp,Seq,H,D",1.00000000000000,,,"B/bp,Seq,H,D",1,,B*D*H*Seq/bp
stack11_ffn_w1,Y,"D*H,DF*H",1,,,T,,,,,,"D*H,DF*H",1,,
stack11_ffn_x1,N,"B/bp,Seq,DF*H",1,stack11_ffn_x0,stack11_ffn_w1,M,"bsd,de->bse","B/bp,Seq,D*H",1.00000000000000,"D*H,DF*H",1.00000000000000,"B/bp,Seq,DF*H",D*H,,B*D*DF*H**2*Seq/bp
stack11_ffn_w2,Y,"DF*H,D*H",1,,,T,,,,,,"DF*H,D*H",1,,
stack11_ffn_x2,N,"B/bp,Seq,D*H",1,stack11_ffn_x1,stack11_ffn_w2,M,"bsd,de->bse","B/bp,Seq,DF*H",1.00000000000000,"DF*H,D*H",1.00000000000000,"B/bp,Seq,D*H",DF*H,,B*D*DF*H**2*Seq/bp
stack11_ffn_res,N,"B/bp,Seq,D*H",1,stack11_ffn_x2,stack11_ffn_x0,A,,"B/bp,Seq,D*H",1.00000000000000,"B/bp,Seq,D*H",1.00000000000000,"B/bp,Seq,D*H",1,,B*D*H*Seq/bp
stack12_mha_x,N,"B/bp,Seq,H,D",1,stack11_ffn_res,,E,10,"B/bp,Seq,D*H",1.00000000000000,,,"B/bp,Seq,D*H",1,,10*B*D*H*Seq/bp
stack12_mha_wq,Y,"H,D,D",1,,,T,,,,,,"H,D,D",1,,
stack12_mha_wk,Y,"H,D,D",1,,,T,,,,,,"H,D,D",1,,
stack12_mha_wv,Y,"H,D,D",1,,,T,,,,,,"H,D,D",1,,
stack12_mha_q,N,"B/bp,Seq,H,D",1,stack12_mha_x,stack12_mha_wq,M,"bshd,hde->bshe","B/bp,Seq,H,D",1.00000000000000,"H,D,D",1.00000000000000,"B/bp,Seq,H,D",D,,B*D**2*H*Seq/bp
stack12_mha_k,N,"B/bp,Seq,H,D",1,stack12_mha_x,stack12_mha_wk,M,"bshd,hde->bshe","B/bp,Seq,H,D",1.00000000000000,"H,D,D",1.00000000000000,"B/bp,Seq,H,D",D,,B*D**2*H*Seq/bp
stack12_mha_v,N,"B/bp,Seq,H,D",1,stack12_mha_x,stack12_mha_wv,M,"bshd,hde->bshe","B/bp,Seq,H,D",1.00000000000000,"H,D,D",1.00000000000000,"B/bp,Seq,H,D",D,,B*D**2*H*Seq/bp
stack12_mha_qk,N,"B/bp,Seq,Seq,H",1,stack12_mha_q,stack12_mha_k,M,"bshd,bwhd->bswh","B/bp,Seq,H,D",1.00000000000000,"B/bp,Seq,H,D",1.00000000000000,"B/bp,Seq,Seq,H",D,,B*D*H*Seq**2/bp
stack12_mha_qkv,N,"B/bp,Seq,H,D",1,stack12_mha_qk,stack12_mha_v,M,"bswh,bwhd->bshd","B/bp,Seq,Seq,H",1.00000000000000,"B/bp,Seq,H,D",1.00000000000000,"B/bp,Seq,H,D",Seq,,B*D*H*Seq**2/bp
stack12_mha_res,N,"B/bp,Seq,H,D",1,stack12_mha_qkv,stack12_mha_x,A,,"B/bp,Seq,H,D",1.00000000000000,"B/bp,Seq,H,D",1.00000000000000,"B/bp,Seq,H,D",1,,B*D*H*Seq/bp
stack12_ffn_x0,N,"B/bp,Seq,D*H",1,stack12_mha_res,,E,10,"B/bp,Seq,H,D",1.00000000000000,,,"B/bp,Seq,H,D",1,,B*D*H*Seq/bp
stack12_ffn_w1,Y,"D*H,DF*H",1,,,T,,,,,,"D*H,DF*H",1,,
stack12_ffn_x1,N,"B/bp,Seq,DF*H",1,stack12_ffn_x0,stack12_ffn_w1,M,"bsd,de->bse","B/bp,Seq,D*H",1.00000000000000,"D*H,DF*H",1.00000000000000,"B/bp,Seq,DF*H",D*H,,B*D*DF*H**2*Seq/bp
stack12_ffn_w2,Y,"DF*H,D*H",1,,,T,,,,,,"DF*H,D*H",1,,
stack12_ffn_x2,N,"B/bp,Seq,D*H",1,stack12_ffn_x1,stack12_ffn_w2,M,"bsd,de->bse","B/bp,Seq,DF*H",1.00000000000000,"DF*H,D*H",1.00000000000000,"B/bp,Seq,D*H",DF*H,,B*D*DF*H**2*Seq/bp
stack12_ffn_res,N,"B/bp,Seq,D*H",1,stack12_ffn_x2,stack12_ffn_x0,A,,"B/bp,Seq,D*H",1.00000000000000,"B/bp,Seq,D*H",1.00000000000000,"B/bp,Seq,D*H",1,,B*D*H*Seq/bp
stack13_mha_x,N,"B/bp,Seq,H,D",1,stack12_ffn_res,,E,10,"B/bp,Seq,D*H",1.00000000000000,,,"B/bp,Seq,D*H",1,,10*B*D*H*Seq/bp
stack13_mha_wq,Y,"H,D,D",1,,,T,,,,,,"H,D,D",1,,
stack13_mha_wk,Y,"H,D,D",1,,,T,,,,,,"H,D,D",1,,
stack13_mha_wv,Y,"H,D,D",1,,,T,,,,,,"H,D,D",1,,
stack13_mha_q,N,"B/bp,Seq,H,D",1,stack13_mha_x,stack13_mha_wq,M,"bshd,hde->bshe","B/bp,Seq,H,D",1.00000000000000,"H,D,D",1.00000000000000,"B/bp,Seq,H,D",D,,B*D**2*H*Seq/bp
stack13_mha_k,N,"B/bp,Seq,H,D",1,stack13_mha_x,stack13_mha_wk,M,"bshd,hde->bshe","B/bp,Seq,H,D",1.00000000000000,"H,D,D",1.00000000000000,"B/bp,Seq,H,D",D,,B*D**2*H*Seq/bp
stack13_mha_v,N,"B/bp,Seq,H,D",1,stack13_mha_x,stack13_mha_wv,M,"bshd,hde->bshe","B/bp,Seq,H,D",1.00000000000000,"H,D,D",1.00000000000000,"B/bp,Seq,H,D",D,,B*D**2*H*Seq/bp
stack13_mha_qk,N,"B/bp,Seq,Seq,H",1,stack13_mha_q,stack13_mha_k,M,"bshd,bwhd->bswh","B/bp,Seq,H,D",1.00000000000000,"B/bp,Seq,H,D",1.00000000000000,"B/bp,Seq,Seq,H",D,,B*D*H*Seq**2/bp
stack13_mha_qkv,N,"B/bp,Seq,H,D",1,stack13_mha_qk,stack13_mha_v,M,"bswh,bwhd->bshd","B/bp,Seq,Seq,H",1.00000000000000,"B/bp,Seq,H,D",1.00000000000000,"B/bp,Seq,H,D",Seq,,B*D*H*Seq**2/bp
stack13_mha_res,N,"B/bp,Seq,H,D",1,stack13_mha_qkv,stack13_mha_x,A,,"B/bp,Seq,H,D",1.00000000000000,"B/bp,Seq,H,D",1.00000000000000,"B/bp,Seq,H,D",1,,B*D*H*Seq/bp
stack13_ffn_x0,N,"B/bp,Seq,D*H",1,stack13_mha_res,,E,10,"B/bp,Seq,H,D",1.00000000000000,,,"B/bp,Seq,H,D",1,,B*D*H*Seq/bp
stack13_ffn_w1,Y,"D*H,DF*H",1,,,T,,,,,,"D*H,DF*H",1,,
stack13_ffn_x1,N,"B/bp,Seq,DF*H",1,stack13_ffn_x0,stack13_ffn_w1,M,"bsd,de->bse","B/bp,Seq,D*H",1.00000000000000,"D*H,DF*H",1.00000000000000,"B/bp,Seq,DF*H",D*H,,B*D*DF*H**2*Seq/bp
stack13_ffn_w2,Y,"DF*H,D*H",1,,,T,,,,,,"DF*H,D*H",1,,
stack13_ffn_x2,N,"B/bp,Seq,D*H",1,stack13_ffn_x1,stack13_ffn_w2,M,"bsd,de->bse","B/bp,Seq,DF*H",1.00000000000000,"DF*H,D*H",1.00000000000000,"B/bp,Seq,D*H",DF*H,,B*D*DF*H**2*Seq/bp
stack13_ffn_res,N,"B/bp,Seq,D*H",1,stack13_ffn_x2,stack13_ffn_x0,A,,"B/bp,Seq,D*H",1.00000000000000,"B/bp,Seq,D*H",1.00000000000000,"B/bp,Seq,D*H",1,,B*D*H*Seq/bp
stack14_mha_x,N,"B/bp,Seq,H,D",1,stack13_ffn_res,,E,10,"B/bp,Seq,D*H",1.00000000000000,,,"B/bp,Seq,D*H",1,,10*B*D*H*Seq/bp
stack14_mha_wq,Y,"H,D,D",1,,,T,,,,,,"H,D,D",1,,
stack14_mha_wk,Y,"H,D,D",1,,,T,,,,,,"H,D,D",1,,
stack14_mha_wv,Y,"H,D,D",1,,,T,,,,,,"H,D,D",1,,
stack14_mha_q,N,"B/bp,Seq,H,D",1,stack14_mha_x,stack14_mha_wq,M,"bshd,hde->bshe","B/bp,Seq,H,D",1.00000000000000,"H,D,D",1.00000000000000,"B/bp,Seq,H,D",D,,B*D**2*H*Seq/bp
stack14_mha_k,N,"B/bp,Seq,H,D",1,stack14_mha_x,stack14_mha_wk,M,"bshd,hde->bshe","B/bp,Seq,H,D",1.00000000000000,"H,D,D",1.00000000000000,"B/bp,Seq,H,D",D,,B*D**2*H*Seq/bp
stack14_mha_v,N,"B/bp,Seq,H,D",1,stack14_mha_x,stack14_mha_wv,M,"bshd,hde->bshe","B/bp,Seq,H,D",1.00000000000000,"H,D,D",1.00000000000000,"B/bp,Seq,H,D",D,,B*D**2*H*Seq/bp
stack14_mha_qk,N,"B/bp,Seq,Seq,H",1,stack14_mha_q,stack14_mha_k,M,"bshd,bwhd->bswh","B/bp,Seq,H,D",1.00000000000000,"B/bp,Seq,H,D",1.00000000000000,"B/bp,Seq,Seq,H",D,,B*D*H*Seq**2/bp
stack14_mha_qkv,N,"B/bp,Seq,H,D",1,stack14_mha_qk,stack14_mha_v,M,"bswh,bwhd->bshd","B/bp,Seq,Seq,H",1.00000000000000,"B/bp,Seq,H,D",1.00000000000000,"B/bp,Seq,H,D",Seq,,B*D*H*Seq**2/bp
stack14_mha_res,N,"B/bp,Seq,H,D",1,stack14_mha_qkv,stack14_mha_x,A,,"B/bp,Seq,H,D",1.00000000000000,"B/bp,Seq,H,D",1.00000000000000,"B/bp,Seq,H,D",1,,B*D*H*Seq/bp
stack14_ffn_x0,N,"B/bp,Seq,D*H",1,stack14_mha_res,,E,10,"B/bp,Seq,H,D",1.00000000000000,,,"B/bp,Seq,H,D",1,,B*D*H*Seq/bp
stack14_ffn_w1,Y,"D*H,DF*H",1,,,T,,,,,,"D*H,DF*H",1,,
stack14_ffn_x1,N,"B/bp,Seq,DF*H",1,stack14_ffn_x0,stack14_ffn_w1,M,"bsd,de->bse","B/bp,Seq,D*H",1.00000000000000,"D*H,DF*H",1.00000000000000,"B/bp,Seq,DF*H",D*H,,B*D*DF*H**2*Seq/bp
stack14_ffn_w2,Y,"DF*H,D*H",1,,,T,,,,,,"DF*H,D*H",1,,
stack14_ffn_x2,N,"B/bp,Seq,D*H",1,stack14_ffn_x1,stack14_ffn_w2,M,"bsd,de->bse","B/bp,Seq,DF*H",1.00000000000000,"DF*H,D*H",1.00000000000000,"B/bp,Seq,D*H",DF*H,,B*D*DF*H**2*Seq/bp
stack14_ffn_res,N,"B/bp,Seq,D*H",1,stack14_ffn_x2,stack14_ffn_x0,A,,"B/bp,Seq,D*H",1.00000000000000,"B/bp,Seq,D*H",1.00000000000000,"B/bp,Seq,D*H",1,,B*D*H*Seq/bp
stack15_mha_x,N,"B/bp,Seq,H,D",1,stack14_ffn_res,,E,10,"B/bp,Seq,D*H",1.00000000000000,,,"B/bp,Seq,D*H",1,,10*B*D*H*Seq/bp
stack15_mha_wq,Y,"H,D,D",1,,,T,,,,,,"H,D,D",1,,
stack15_mha_wk,Y,"H,D,D",1,,,T,,,,,,"H,D,D",1,,
stack15_mha_wv,Y,"H,D,D",1,,,T,,,,,,"H,D,D",1,,
stack15_mha_q,N,"B/bp,Seq,H,D",1,stack15_mha_x,stack15_mha_wq,M,"bshd,hde->bshe","B/bp,Seq,H,D",1.00000000000000,"H,D,D",1.00000000000000,"B/bp,Seq,H,D",D,,B*D**2*H*Seq/bp
stack15_mha_k,N,"B/bp,Seq,H,D",1,stack15_mha_x,stack15_mha_wk,M,"bshd,hde->bshe","B/bp,Seq,H,D",1.00000000000000,"H,D,D",1.00000000000000,"B/bp,Seq,H,D",D,,B*D**2*H*Seq/bp
stack15_mha_v,N,"B/bp,Seq,H,D",1,stack15_mha_x,stack15_mha_wv,M,"bshd,hde->bshe","B/bp,Seq,H,D",1.00000000000000,"H,D,D",1.00000000000000,"B/bp,Seq,H,D",D,,B*D**2*H*Seq/bp
stack15_mha_qk,N,"B/bp,Seq,Seq,H",1,stack15_mha_q,stack15_mha_k,M,"bshd,bwhd->bswh","B/bp,Seq,H,D",1.00000000000000,"B/bp,Seq,H,D",1.00000000000000,"B/bp,Seq,Seq,H",D,,B*D*H*Seq**2/bp
stack15_mha_qkv,N,"B/bp,Seq,H,D",1,stack15_mha_qk,stack15_mha_v,M,"bswh,bwhd->bshd","B/bp,Seq,Seq,H",1.00000000000000,"B/bp,Seq,H,D",1.00000000000000,"B/bp,Seq,H,D",Seq,,B*D*H*Seq**2/bp
stack15_mha_res,N,"B/bp,Seq,H,D",1,stack15_mha_qkv,stack15_mha_x,A,,"B/bp,Seq,H,D",1.00000000000000,"B/bp,Seq,H,D",1.00000000000000,"B/bp,Seq,H,D",1,,B*D*H*Seq/bp
stack15_ffn_x0,N,"B/bp,Seq,D*H",1,stack15_mha_res,,E,10,"B/bp,Seq,H,D",1.00000000000000,,,"B/bp,Seq,H,D",1,,B*D*H*Seq/bp
stack15_ffn_w1,Y,"D*H,DF*H",1,,,T,,,,,,"D*H,DF*H",1,,
stack15_ffn_x1,N,"B/bp,Seq,DF*H",1,stack15_ffn_x0,stack15_ffn_w1,M,"bsd,de->bse","B/bp,Seq,D*H",1.00000000000000,"D*H,DF*H",1.00000000000000,"B/bp,Seq,DF*H",D*H,,B*D*DF*H**2*Seq/bp
stack15_ffn_w2,Y,"DF*H,D*H",1,,,T,,,,,,"DF*H,D*H",1,,
stack15_ffn_x2,N,"B/bp,Seq,D*H",1,stack15_ffn_x1,stack15_ffn_w2,M,"bsd,de->bse","B/bp,Seq,DF*H",1.00000000000000,"DF*H,D*H",1.00000000000000,"B/bp,Seq,D*H",DF*H,,B*D*DF*H**2*Seq/bp
stack15_ffn_res,N,"B/bp,Seq,D*H",1,stack15_ffn_x2,stack15_ffn_x0,A,,"B/bp,Seq,D*H",1.00000000000000,"B/bp,Seq,D*H",1.00000000000000,"B/bp,Seq,D*H",1,,B*D*H*Seq/bp
stack16_mha_x,N,"B/bp,Seq,H,D",1,stack15_ffn_res,,E,10,"B/bp,Seq,D*H",1.00000000000000,,,"B/bp,Seq,D*H",1,,10*B*D*H*Seq/bp
stack16_mha_wq,Y,"H,D,D",1,,,T,,,,,,"H,D,D",1,,
stack16_mha_wk,Y,"H,D,D",1,,,T,,,,,,"H,D,D",1,,
stack16_mha_wv,Y,"H,D,D",1,,,T,,,,,,"H,D,D",1,,
stack16_mha_q,N,"B/bp,Seq,H,D",1,stack16_mha_x,stack16_mha_wq,M,"bshd,hde->bshe","B/bp,Seq,H,D",1.00000000000000,"H,D,D",1.00000000000000,"B/bp,Seq,H,D",D,,B*D**2*H*Seq/bp
stack16_mha_k,N,"B/bp,Seq,H,D",1,stack16_mha_x,stack16_mha_wk,M,"bshd,hde->bshe","B/bp,Seq,H,D",1.00000000000000,"H,D,D",1.00000000000000,"B/bp,Seq,H,D",D,,B*D**2*H*Seq/bp
stack16_mha_v,N,"B/bp,Seq,H,D",1,stack16_mha_x,stack16_mha_wv,M,"bshd,hde->bshe","B/bp,Seq,H,D",1.00000000000000,"H,D,D",1.00000000000000,"B/bp,Seq,H,D",D,,B*D**2*H*Seq/bp
stack16_mha_qk,N,"B/bp,Seq,Seq,H",1,stack16_mha_q,stack16_mha_k,M,"bshd,bwhd->bswh","B/bp,Seq,H,D",1.00000000000000,"B/bp,Seq,H,D",1.00000000000000,"B/bp,Seq,Seq,H",D,,B*D*H*Seq**2/bp
stack16_mha_qkv,N,"B/bp,Seq,H,D",1,stack16_mha_qk,stack16_mha_v,M,"bswh,bwhd->bshd","B/bp,Seq,Seq,H",1.00000000000000,"B/bp,Seq,H,D",1.00000000000000,"B/bp,Seq,H,D",Seq,,B*D*H*Seq**2/bp
stack16_mha_res,N,"B/bp,Seq,H,D",1,stack16_mha_qkv,stack16_mha_x,A,,"B/bp,Seq,H,D",1.00000000000000,"B/bp,Seq,H,D",1.00000000000000,"B/bp,Seq,H,D",1,,B*D*H*Seq/bp
stack16_ffn_x0,N,"B/bp,Seq,D*H",1,stack16_mha_res,,E,10,"B/bp,Seq,H,D",1.00000000000000,,,"B/bp,Seq,H,D",1,,B*D*H*Seq/bp
stack16_ffn_w1,Y,"D*H,DF*H",1,,,T,,,,,,"D*H,DF*H",1,,
stack16_ffn_x1,N,"B/bp,Seq,DF*H",1,stack16_ffn_x0,stack16_ffn_w1,M,"bsd,de->bse","B/bp,Seq,D*H",1.00000000000000,"D*H,DF*H",1.00000000000000,"B/bp,Seq,DF*H",D*H,,B*D*DF*H**2*Seq/bp
stack16_ffn_w2,Y,"DF*H,D*H",1,,,T,,,,,,"DF*H,D*H",1,,
stack16_ffn_x2,N,"B/bp,Seq,D*H",1,stack16_ffn_x1,stack16_ffn_w2,M,"bsd,de->bse","B/bp,Seq,DF*H",1.00000000000000,"DF*H,D*H",1.00000000000000,"B/bp,Seq,D*H",DF*H,,B*D*DF*H**2*Seq/bp
stack16_ffn_res,N,"B/bp,Seq,D*H",1,stack16_ffn_x2,stack16_ffn_x0,A,,"B/bp,Seq,D*H",1.00000000000000,"B/bp,Seq,D*H",1.00000000000000,"B/bp,Seq,D*H",1,,B*D*H*Seq/bp
stack17_mha_x,N,"B/bp,Seq,H,D",1,stack16_ffn_res,,E,10,"B/bp,Seq,D*H",1.00000000000000,,,"B/bp,Seq,D*H",1,,10*B*D*H*Seq/bp
stack17_mha_wq,Y,"H,D,D",1,,,T,,,,,,"H,D,D",1,,
stack17_mha_wk,Y,"H,D,D",1,,,T,,,,,,"H,D,D",1,,
stack17_mha_wv,Y,"H,D,D",1,,,T,,,,,,"H,D,D",1,,
stack17_mha_q,N,"B/bp,Seq,H,D",1,stack17_mha_x,stack17_mha_wq,M,"bshd,hde->bshe","B/bp,Seq,H,D",1.00000000000000,"H,D,D",1.00000000000000,"B/bp,Seq,H,D",D,,B*D**2*H*Seq/bp
stack17_mha_k,N,"B/bp,Seq,H,D",1,stack17_mha_x,stack17_mha_wk,M,"bshd,hde->bshe","B/bp,Seq,H,D",1.00000000000000,"H,D,D",1.00000000000000,"B/bp,Seq,H,D",D,,B*D**2*H*Seq/bp
stack17_mha_v,N,"B/bp,Seq,H,D",1,stack17_mha_x,stack17_mha_wv,M,"bshd,hde->bshe","B/bp,Seq,H,D",1.00000000000000,"H,D,D",1.00000000000000,"B/bp,Seq,H,D",D,,B*D**2*H*Seq/bp
stack17_mha_qk,N,"B/bp,Seq,Seq,H",1,stack17_mha_q,stack17_mha_k,M,"bshd,bwhd->bswh","B/bp,Seq,H,D",1.00000000000000,"B/bp,Seq,H,D",1.00000000000000,"B/bp,Seq,Seq,H",D,,B*D*H*Seq**2/bp
stack17_mha_qkv,N,"B/bp,Seq,H,D",1,stack17_mha_qk,stack17_mha_v,M,"bswh,bwhd->bshd","B/bp,Seq,Seq,H",1.00000000000000,"B/bp,Seq,H,D",1.00000000000000,"B/bp,Seq,H,D",Seq,,B*D*H*Seq**2/bp
stack17_mha_res,N,"B/bp,Seq,H,D",1,stack17_mha_qkv,stack17_mha_x,A,,"B/bp,Seq,H,D",1.00000000000000,"B/bp,Seq,H,D",1.00000000000000,"B/bp,Seq,H,D",1,,B*D*H*Seq/bp
stack17_ffn_x0,N,"B/bp,Seq,D*H",1,stack17_mha_res,,E,10,"B/bp,Seq,H,D",1.00000000000000,,,"B/bp,Seq,H,D",1,,B*D*H*Seq/bp
stack17_ffn_w1,Y,"D*H,DF*H",1,,,T,,,,,,"D*H,DF*H",1,,
stack17_ffn_x1,N,"B/bp,Seq,DF*H",1,stack17_ffn_x0,stack17_ffn_w1,M,"bsd,de->bse","B/bp,Seq,D*H",1.00000000000000,"D*H,DF*H",1.00000000000000,"B/bp,Seq,DF*H",D*H,,B*D*DF*H**2*Seq/bp
stack17_ffn_w2,Y,"DF*H,D*H",1,,,T,,,,,,"DF*H,D*H",1,,
stack17_ffn_x2,N,"B/bp,Seq,D*H",1,stack17_ffn_x1,stack17_ffn_w2,M,"bsd,de->bse","B/bp,Seq,DF*H",1.00000000000000,"DF*H,D*H",1.00000000000000,"B/bp,Seq,D*H",DF*H,,B*D*DF*H**2*Seq/bp
stack17_ffn_res,N,"B/bp,Seq,D*H",1,stack17_ffn_x2,stack17_ffn_x0,A,,"B/bp,Seq,D*H",1.00000000000000,"B/bp,Seq,D*H",1.00000000000000,"B/bp,Seq,D*H",1,,B*D*H*Seq/bp
stack18_mha_x,N,"B/bp,Seq,H,D",1,stack17_ffn_res,,E,10,"B/bp,Seq,D*H",1.00000000000000,,,"B/bp,Seq,D*H",1,,10*B*D*H*Seq/bp
stack18_mha_wq,Y,"H,D,D",1,,,T,,,,,,"H,D,D",1,,
stack18_mha_wk,Y,"H,D,D",1,,,T,,,,,,"H,D,D",1,,
stack18_mha_wv,Y,"H,D,D",1,,,T,,,,,,"H,D,D",1,,
stack18_mha_q,N,"B/bp,Seq,H,D",1,stack18_mha_x,stack18_mha_wq,M,"bshd,hde->bshe","B/bp,Seq,H,D",1.00000000000000,"H,D,D",1.00000000000000,"B/bp,Seq,H,D",D,,B*D**2*H*Seq/bp
stack18_mha_k,N,"B/bp,Seq,H,D",1,stack18_mha_x,stack18_mha_wk,M,"bshd,hde->bshe","B/bp,Seq,H,D",1.00000000000000,"H,D,D",1.00000000000000,"B/bp,Seq,H,D",D,,B*D**2*H*Seq/bp
stack18_mha_v,N,"B/bp,Seq,H,D",1,stack18_mha_x,stack18_mha_wv,M,"bshd,hde->bshe","B/bp,Seq,H,D",1.00000000000000,"H,D,D",1.00000000000000,"B/bp,Seq,H,D",D,,B*D**2*H*Seq/bp
stack18_mha_qk,N,"B/bp,Seq,Seq,H",1,stack18_mha_q,stack18_mha_k,M,"bshd,bwhd->bswh","B/bp,Seq,H,D",1.00000000000000,"B/bp,Seq,H,D",1.00000000000000,"B/bp,Seq,Seq,H",D,,B*D*H*Seq**2/bp
stack18_mha_qkv,N,"B/bp,Seq,H,D",1,stack18_mha_qk,stack18_mha_v,M,"bswh,bwhd->bshd","B/bp,Seq,Seq,H",1.00000000000000,"B/bp,Seq,H,D",1.00000000000000,"B/bp,Seq,H,D",Seq,,B*D*H*Seq**2/bp
stack18_mha_res,N,"B/bp,Seq,H,D",1,stack18_mha_qkv,stack18_mha_x,A,,"B/bp,Seq,H,D",1.00000000000000,"B/bp,Seq,H,D",1.00000000000000,"B/bp,Seq,H,D",1,,B*D*H*Seq/bp
stack18_ffn_x0,N,"B/bp,Seq,D*H",1,stack18_mha_res,,E,10,"B/bp,Seq,H,D",1.00000000000000,,,"B/bp,Seq,H,D",1,,B*D*H*Seq/bp
stack18_ffn_w1,Y,"D*H,DF*H",1,,,T,,,,,,"D*H,DF*H",1,,
stack18_ffn_x1,N,"B/bp,Seq,DF*H",1,stack18_ffn_x0,stack18_ffn_w1,M,"bsd,de->bse","B/bp,Seq,D*H",1.00000000000000,"D*H,DF*H",1.00000000000000,"B/bp,Seq,DF*H",D*H,,B*D*DF*H**2*Seq/bp
stack18_ffn_w2,Y,"DF*H,D*H",1,,,T,,,,,,"DF*H,D*H",1,,
stack18_ffn_x2,N,"B/bp,Seq,D*H",1,stack18_ffn_x1,stack18_ffn_w2,M,"bsd,de->bse","B/bp,Seq,DF*H",1.00000000000000,"DF*H,D*H",1.00000000000000,"B/bp,Seq,D*H",DF*H,,B*D*DF*H**2*Seq/bp
stack18_ffn_res,N,"B/bp,Seq,D*H",1,stack18_ffn_x2,stack18_ffn_x0,A,,"B/bp,Seq,D*H",1.00000000000000,"B/bp,Seq,D*H",1.00000000000000,"B/bp,Seq,D*H",1,,B*D*H*Seq/bp
stack19_mha_x,N,"B/bp,Seq,H,D",1,stack18_ffn_res,,E,10,"B/bp,Seq,D*H",1.00000000000000,,,"B/bp,Seq,D*H",1,,10*B*D*H*Seq/bp
stack19_mha_wq,Y,"H,D,D",1,,,T,,,,,,"H,D,D",1,,
stack19_mha_wk,Y,"H,D,D",1,,,T,,,,,,"H,D,D",1,,
stack19_mha_wv,Y,"H,D,D",1,,,T,,,,,,"H,D,D",1,,
stack19_mha_q,N,"B/bp,Seq,H,D",1,stack19_mha_x,stack19_mha_wq,M,"bshd,hde->bshe","B/bp,Seq,H,D",1.00000000000000,"H,D,D",1.00000000000000,"B/bp,Seq,H,D",D,,B*D**2*H*Seq/bp
stack19_mha_k,N,"B/bp,Seq,H,D",1,stack19_mha_x,stack19_mha_wk,M,"bshd,hde->bshe","B/bp,Seq,H,D",1.00000000000000,"H,D,D",1.00000000000000,"B/bp,Seq,H,D",D,,B*D**2*H*Seq/bp
stack19_mha_v,N,"B/bp,Seq,H,D",1,stack19_mha_x,stack19_mha_wv,M,"bshd,hde->bshe","B/bp,Seq,H,D",1.00000000000000,"H,D,D",1.00000000000000,"B/bp,Seq,H,D",D,,B*D**2*H*Seq/bp
stack19_mha_qk,N,"B/bp,Seq,Seq,H",1,stack19_mha_q,stack19_mha_k,M,"bshd,bwhd->bswh","B/bp,Seq,H,D",1.00000000000000,"B/bp,Seq,H,D",1.00000000000000,"B/bp,Seq,Seq,H",D,,B*D*H*Seq**2/bp
stack19_mha_qkv,N,"B/bp,Seq,H,D",1,stack19_mha_qk,stack19_mha_v,M,"bswh,bwhd->bshd","B/bp,Seq,Seq,H",1.00000000000000,"B/bp,Seq,H,D",1.00000000000000,"B/bp,Seq,H,D",Seq,,B*D*H*Seq**2/bp
stack19_mha_res,N,"B/bp,Seq,H,D",1,stack19_mha_qkv,stack19_mha_x,A,,"B/bp,Seq,H,D",1.00000000000000,"B/bp,Seq,H,D",1.00000000000000,"B/bp,Seq,H,D",1,,B*D*H*Seq/bp
stack19_ffn_x0,N,"B/bp,Seq,D*H",1,stack19_mha_res,,E,10,"B/bp,Seq,H,D",1.00000000000000,,,"B/bp,Seq,H,D",1,,B*D*H*Seq/bp
stack19_ffn_w1,Y,"D*H,DF*H",1,,,T,,,,,,"D*H,DF*H",1,,
stack19_ffn_x1,N,"B/bp,Seq,DF*H",1,stack19_ffn_x0,stack19_ffn_w1,M,"bsd,de->bse","B/bp,Seq,D*H",1.00000000000000,"D*H,DF*H",1.00000000000000,"B/bp,Seq,DF*H",D*H,,B*D*DF*H**2*Seq/bp
stack19_ffn_w2,Y,"DF*H,D*H",1,,,T,,,,,,"DF*H,D*H",1,,
stack19_ffn_x2,N,"B/bp,Seq,D*H",1,stack19_ffn_x1,stack19_ffn_w2,M,"bsd,de->bse","B/bp,Seq,DF*H",1.00000000000000,"DF*H,D*H",1.00000000000000,"B/bp,Seq,D*H",DF*H,,B*D*DF*H**2*Seq/bp
stack19_ffn_res,N,"B/bp,Seq,D*H",1,stack19_ffn_x2,stack19_ffn_x0,A,,"B/bp,Seq,D*H",1.00000000000000,"B/bp,Seq,D*H",1.00000000000000,"B/bp,Seq,D*H",1,,B*D*H*Seq/bp
stack20_mha_x,N,"B/bp,Seq,H,D",1,stack19_ffn_res,,E,10,"B/bp,Seq,D*H",1.00000000000000,,,"B/bp,Seq,D*H",1,,10*B*D*H*Seq/bp
stack20_mha_wq,Y,"H,D,D",1,,,T,,,,,,"H,D,D",1,,
stack20_mha_wk,Y,"H,D,D",1,,,T,,,,,,"H,D,D",1,,
stack20_mha_wv,Y,"H,D,D",1,,,T,,,,,,"H,D,D",1,,
stack20_mha_q,N,"B/bp,Seq,H,D",1,stack20_mha_x,stack20_mha_wq,M,"bshd,hde->bshe","B/bp,Seq,H,D",1.00000000000000,"H,D,D",1.00000000000000,"B/bp,Seq,H,D",D,,B*D**2*H*Seq/bp
stack20_mha_k,N,"B/bp,Seq,H,D",1,stack20_mha_x,stack20_mha_wk,M,"bshd,hde->bshe","B/bp,Seq,H,D",1.00000000000000,"H,D,D",1.00000000000000,"B/bp,Seq,H,D",D,,B*D**2*H*Seq/bp
stack20_mha_v,N,"B/bp,Seq,H,D",1,stack20_mha_x,stack20_mha_wv,M,"bshd,hde->bshe","B/bp,Seq,H,D",1.00000000000000,"H,D,D",1.00000000000000,"B/bp,Seq,H,D",D,,B*D**2*H*Seq/bp
stack20_mha_qk,N,"B/bp,Seq,Seq,H",1,stack20_mha_q,stack20_mha_k,M,"bshd,bwhd->bswh","B/bp,Seq,H,D",1.00000000000000,"B/bp,Seq,H,D",1.00000000000000,"B/bp,Seq,Seq,H",D,,B*D*H*Seq**2/bp
stack20_mha_qkv,N,"B/bp,Seq,H,D",1,stack20_mha_qk,stack20_mha_v,M,"bswh,bwhd->bshd","B/bp,Seq,Seq,H",1.00000000000000,"B/bp,Seq,H,D",1.00000000000000,"B/bp,Seq,H,D",Seq,,B*D*H*Seq**2/bp
stack20_mha_res,N,"B/bp,Seq,H,D",1,stack20_mha_qkv,stack20_mha_x,A,,"B/bp,Seq,H,D",1.00000000000000,"B/bp,Seq,H,D",1.00000000000000,"B/bp,Seq,H,D",1,,B*D*H*Seq/bp
stack20_ffn_x0,N,"B/bp,Seq,D*H",1,stack20_mha_res,,E,10,"B/bp,Seq,H,D",1.00000000000000,,,"B/bp,Seq,H,D",1,,B*D*H*Seq/bp
stack20_ffn_w1,Y,"D*H,DF*H",1,,,T,,,,,,"D*H,DF*H",1,,
stack20_ffn_x1,N,"B/bp,Seq,DF*H",1,stack20_ffn_x0,stack20_ffn_w1,M,"bsd,de->bse","B/bp,Seq,D*H",1.00000000000000,"D*H,DF*H",1.00000000000000,"B/bp,Seq,DF*H",D*H,,B*D*DF*H**2*Seq/bp
stack20_ffn_w2,Y,"DF*H,D*H",1,,,T,,,,,,"DF*H,D*H",1,,
stack20_ffn_x2,N,"B/bp,Seq,D*H",1,stack20_ffn_x1,stack20_ffn_w2,M,"bsd,de->bse","B/bp,Seq,DF*H",1.00000000000000,"DF*H,D*H",1.00000000000000,"B/bp,Seq,D*H",DF*H,,B*D*DF*H**2*Seq/bp
stack20_ffn_res,N,"B/bp,Seq,D*H",1,stack20_ffn_x2,stack20_ffn_x0,A,,"B/bp,Seq,D*H",1.00000000000000,"B/bp,Seq,D*H",1.00000000000000,"B/bp,Seq,D*H",1,,B*D*H*Seq/bp
stack21_mha_x,N,"B/bp,Seq,H,D",1,stack20_ffn_res,,E,10,"B/bp,Seq,D*H",1.00000000000000,,,"B/bp,Seq,D*H",1,,10*B*D*H*Seq/bp
stack21_mha_wq,Y,"H,D,D",1,,,T,,,,,,"H,D,D",1,,
stack21_mha_wk,Y,"H,D,D",1,,,T,,,,,,"H,D,D",1,,
stack21_mha_wv,Y,"H,D,D",1,,,T,,,,,,"H,D,D",1,,
stack21_mha_q,N,"B/bp,Seq,H,D",1,stack21_mha_x,stack21_mha_wq,M,"bshd,hde->bshe","B/bp,Seq,H,D",1.00000000000000,"H,D,D",1.00000000000000,"B/bp,Seq,H,D",D,,B*D**2*H*Seq/bp
stack21_mha_k,N,"B/bp,Seq,H,D",1,stack21_mha_x,stack21_mha_wk,M,"bshd,hde->bshe","B/bp,Seq,H,D",1.00000000000000,"H,D,D",1.00000000000000,"B/bp,Seq,H,D",D,,B*D**2*H*Seq/bp
stack21_mha_v,N,"B/bp,Seq,H,D",1,stack21_mha_x,stack21_mha_wv,M,"bshd,hde->bshe","B/bp,Seq,H,D",1.00000000000000,"H,D,D",1.00000000000000,"B/bp,Seq,H,D",D,,B*D**2*H*Seq/bp
stack21_mha_qk,N,"B/bp,Seq,Seq,H",1,stack21_mha_q,stack21_mha_k,M,"bshd,bwhd->bswh","B/bp,Seq,H,D",1.00000000000000,"B/bp,Seq,H,D",1.00000000000000,"B/bp,Seq,Seq,H",D,,B*D*H*Seq**2/bp
stack21_mha_qkv,N,"B/bp,Seq,H,D",1,stack21_mha_qk,stack21_mha_v,M,"bswh,bwhd->bshd","B/bp,Seq,Seq,H",1.00000000000000,"B/bp,Seq,H,D",1.00000000000000,"B/bp,Seq,H,D",Seq,,B*D*H*Seq**2/bp
stack21_mha_res,N,"B/bp,Seq,H,D",1,stack21_mha_qkv,stack21_mha_x,A,,"B/bp,Seq,H,D",1.00000000000000,"B/bp,Seq,H,D",1.00000000000000,"B/bp,Seq,H,D",1,,B*D*H*Seq/bp
stack21_ffn_x0,N,"B/bp,Seq,D*H",1,stack21_mha_res,,E,10,"B/bp,Seq,H,D",1.00000000000000,,,"B/bp,Seq,H,D",1,,B*D*H*Seq/bp
stack21_ffn_w1,Y,"D*H,DF*H",1,,,T,,,,,,"D*H,DF*H",1,,
stack21_ffn_x1,N,"B/bp,Seq,DF*H",1,stack21_ffn_x0,stack21_ffn_w1,M,"bsd,de->bse","B/bp,Seq,D*H",1.00000000000000,"D*H,DF*H",1.00000000000000,"B/bp,Seq,DF*H",D*H,,B*D*DF*H**2*Seq/bp
stack21_ffn_w2,Y,"DF*H,D*H",1,,,T,,,,,,"DF*H,D*H",1,,
stack21_ffn_x2,N,"B/bp,Seq,D*H",1,stack21_ffn_x1,stack21_ffn_w2,M,"bsd,de->bse","B/bp,Seq,DF*H",1.00000000000000,"DF*H,D*H",1.00000000000000,"B/bp,Seq,D*H",DF*H,,B*D*DF*H**2*Seq/bp
stack21_ffn_res,N,"B/bp,Seq,D*H",1,stack21_ffn_x2,stack21_ffn_x0,A,,"B/bp,Seq,D*H",1.00000000000000,"B/bp,Seq,D*H",1.00000000000000,"B/bp,Seq,D*H",1,,B*D*H*Seq/bp
stack22_mha_x,N,"B/bp,Seq,H,D",1,stack21_ffn_res,,E,10,"B/bp,Seq,D*H",1.00000000000000,,,"B/bp,Seq,D*H",1,,10*B*D*H*Seq/bp
stack22_mha_wq,Y,"H,D,D",1,,,T,,,,,,"H,D,D",1,,
stack22_mha_wk,Y,"H,D,D",1,,,T,,,,,,"H,D,D",1,,
stack22_mha_wv,Y,"H,D,D",1,,,T,,,,,,"H,D,D",1,,
stack22_mha_q,N,"B/bp,Seq,H,D",1,stack22_mha_x,stack22_mha_wq,M,"bshd,hde->bshe","B/bp,Seq,H,D",1.00000000000000,"H,D,D",1.00000000000000,"B/bp,Seq,H,D",D,,B*D**2*H*Seq/bp
stack22_mha_k,N,"B/bp,Seq,H,D",1,stack22_mha_x,stack22_mha_wk,M,"bshd,hde->bshe","B/bp,Seq,H,D",1.00000000000000,"H,D,D",1.00000000000000,"B/bp,Seq,H,D",D,,B*D**2*H*Seq/bp
stack22_mha_v,N,"B/bp,Seq,H,D",1,stack22_mha_x,stack22_mha_wv,M,"bshd,hde->bshe","B/bp,Seq,H,D",1.00000000000000,"H,D,D",1.00000000000000,"B/bp,Seq,H,D",D,,B*D**2*H*Seq/bp
stack22_mha_qk,N,"B/bp,Seq,Seq,H",1,stack22_mha_q,stack22_mha_k,M,"bshd,bwhd->bswh","B/bp,Seq,H,D",1.00000000000000,"B/bp,Seq,H,D",1.00000000000000,"B/bp,Seq,Seq,H",D,,B*D*H*Seq**2/bp
stack22_mha_qkv,N,"B/bp,Seq,H,D",1,stack22_mha_qk,stack22_mha_v,M,"bswh,bwhd->bshd","B/bp,Seq,Seq,H",1.00000000000000,"B/bp,Seq,H,D",1.00000000000000,"B/bp,Seq,H,D",Seq,,B*D*H*Seq**2/bp
stack22_mha_res,N,"B/bp,Seq,H,D",1,stack22_mha_qkv,stack22_mha_x,A,,"B/bp,Seq,H,D",1.00000000000000,"B/bp,Seq,H,D",1.00000000000000,"B/bp,Seq,H,D",1,,B*D*H*Seq/bp
stack22_ffn_x0,N,"B/bp,Seq,D*H",1,stack22_mha_res,,E,10,"B/bp,Seq,H,D",1.00000000000000,,,"B/bp,Seq,H,D",1,,B*D*H*Seq/bp
stack22_ffn_w1,Y,"D*H,DF*H",1,,,T,,,,,,"D*H,DF*H",1,,
stack22_ffn_x1,N,"B/bp,Seq,DF*H",1,stack22_ffn_x0,stack22_ffn_w1,M,"bsd,de->bse","B/bp,Seq,D*H",1.00000000000000,"D*H,DF*H",1.00000000000000,"B/bp,Seq,DF*H",D*H,,B*D*DF*H**2*Seq/bp
stack22_ffn_w2,Y,"DF*H,D*H",1,,,T,,,,,,"DF*H,D*H",1,,
stack22_ffn_x2,N,"B/bp,Seq,D*H",1,stack22_ffn_x1,stack22_ffn_w2,M,"bsd,de->bse","B/bp,Seq,DF*H",1.00000000000000,"DF*H,D*H",1.00000000000000,"B/bp,Seq,D*H",DF*H,,B*D*DF*H**2*Seq/bp
stack22_ffn_res,N,"B/bp,Seq,D*H",1,stack22_ffn_x2,stack22_ffn_x0,A,,"B/bp,Seq,D*H",1.00000000000000,"B/bp,Seq,D*H",1.00000000000000,"B/bp,Seq,D*H",1,,B*D*H*Seq/bp
stack23_mha_x,N,"B/bp,Seq,H,D",1,stack22_ffn_res,,E,10,"B/bp,Seq,D*H",1.00000000000000,,,"B/bp,Seq,D*H",1,,10*B*D*H*Seq/bp
stack23_mha_wq,Y,"H,D,D",1,,,T,,,,,,"H,D,D",1,,
stack23_mha_wk,Y,"H,D,D",1,,,T,,,,,,"H,D,D",1,,
stack23_mha_wv,Y,"H,D,D",1,,,T,,,,,,"H,D,D",1,,
stack23_mha_q,N,"B/bp,Seq,H,D",1,stack23_mha_x,stack23_mha_wq,M,"bshd,hde->bshe","B/bp,Seq,H,D",1.00000000000000,"H,D,D",1.00000000000000,"B/bp,Seq,H,D",D,,B*D**2*H*Seq/bp
stack23_mha_k,N,"B/bp,Seq,H,D",1,stack23_mha_x,stack23_mha_wk,M,"bshd,hde->bshe","B/bp,Seq,H,D",1.00000000000000,"H,D,D",1.00000000000000,"B/bp,Seq,H,D",D,,B*D**2*H*Seq/bp
stack23_mha_v,N,"B/bp,Seq,H,D",1,stack23_mha_x,stack23_mha_wv,M,"bshd,hde->bshe","B/bp,Seq,H,D",1.00000000000000,"H,D,D",1.00000000000000,"B/bp,Seq,H,D",D,,B*D**2*H*Seq/bp
stack23_mha_qk,N,"B/bp,Seq,Seq,H",1,stack23_mha_q,stack23_mha_k,M,"bshd,bwhd->bswh","B/bp,Seq,H,D",1.00000000000000,"B/bp,Seq,H,D",1.00000000000000,"B/bp,Seq,Seq,H",D,,B*D*H*Seq**2/bp
stack23_mha_qkv,N,"B/bp,Seq,H,D",1,stack23_mha_qk,stack23_mha_v,M,"bswh,bwhd->bshd","B/bp,Seq,Seq,H",1.00000000000000,"B/bp,Seq,H,D",1.00000000000000,"B/bp,Seq,H,D",Seq,,B*D*H*Seq**2/bp
stack23_mha_res,N,"B/bp,Seq,H,D",1,stack23_mha_qkv,stack23_mha_x,A,,"B/bp,Seq,H,D",1.00000000000000,"B/bp,Seq,H,D",1.00000000000000,"B/bp,Seq,H,D",1,,B*D*H*Seq/bp
stack23_ffn_x0,N,"B/bp,Seq,D*H",1,stack23_mha_res,,E,10,"B/bp,Seq,H,D",1.00000000000000,,,"B/bp,Seq,H,D",1,,B*D*H*Seq/bp
stack23_ffn_w1,Y,"D*H,DF*H",1,,,T,,,,,,"D*H,DF*H",1,,
stack23_ffn_x1,N,"B/bp,Seq,DF*H",1,stack23_ffn_x0,stack23_ffn_w1,M,"bsd,de->bse","B/bp,Seq,D*H",1.00000000000000,"D*H,DF*H",1.00000000000000,"B/bp,Seq,DF*H",D*H,,B*D*DF*H**2*Seq/bp
stack23_ffn_w2,Y,"DF*H,D*H",1,,,T,,,,,,"DF*H,D*H",1,,
stack23_ffn_x2,N,"B/bp,Seq,D*H",1,stack23_ffn_x1,stack23_ffn_w2,M,"bsd,de->bse","B/bp,Seq,DF*H",1.00000000000000,"DF*H,D*H",1.00000000000000,"B/bp,Seq,D*H",DF*H,,B*D*DF*H**2*Seq/bp
stack23_ffn_res,N,"B/bp,Seq,D*H",1,stack23_ffn_x2,stack23_ffn_x0,A,,"B/bp,Seq,D*H",1.00000000000000,"B/bp,Seq,D*H",1.00000000000000,"B/bp,Seq,D*H",1,,B*D*H*Seq/bp
stack24_mha_x,N,"B/bp,Seq,H,D",1,stack23_ffn_res,,E,10,"B/bp,Seq,D*H",1.00000000000000,,,"B/bp,Seq,D*H",1,,10*B*D*H*Seq/bp
stack24_mha_wq,Y,"H,D,D",1,,,T,,,,,,"H,D,D",1,,
stack24_mha_wk,Y,"H,D,D",1,,,T,,,,,,"H,D,D",1,,
stack24_mha_wv,Y,"H,D,D",1,,,T,,,,,,"H,D,D",1,,
stack24_mha_q,N,"B/bp,Seq,H,D",1,stack24_mha_x,stack24_mha_wq,M,"bshd,hde->bshe","B/bp,Seq,H,D",1.00000000000000,"H,D,D",1.00000000000000,"B/bp,Seq,H,D",D,,B*D**2*H*Seq/bp
stack24_mha_k,N,"B/bp,Seq,H,D",1,stack24_mha_x,stack24_mha_wk,M,"bshd,hde->bshe","B/bp,Seq,H,D",1.00000000000000,"H,D,D",1.00000000000000,"B/bp,Seq,H,D",D,,B*D**2*H*Seq/bp
stack24_mha_v,N,"B/bp,Seq,H,D",1,stack24_mha_x,stack24_mha_wv,M,"bshd,hde->bshe","B/bp,Seq,H,D",1.00000000000000,"H,D,D",1.00000000000000,"B/bp,Seq,H,D",D,,B*D**2*H*Seq/bp
stack24_mha_qk,N,"B/bp,Seq,Seq,H",1,stack24_mha_q,stack24_mha_k,M,"bshd,bwhd->bswh","B/bp,Seq,H,D",1.00000000000000,"B/bp,Seq,H,D",1.00000000000000,"B/bp,Seq,Seq,H",D,,B*D*H*Seq**2/bp
stack24_mha_qkv,N,"B/bp,Seq,H,D",1,stack24_mha_qk,stack24_mha_v,M,"bswh,bwhd->bshd","B/bp,Seq,Seq,H",1.00000000000000,"B/bp,Seq,H,D",1.00000000000000,"B/bp,Seq,H,D",Seq,,B*D*H*Seq**2/bp
stack24_mha_res,N,"B/bp,Seq,H,D",1,stack24_mha_qkv,stack24_mha_x,A,,"B/bp,Seq,H,D",1.00000000000000,"B/bp,Seq,H,D",1.00000000000000,"B/bp,Seq,H,D",1,,B*D*H*Seq/bp
stack24_ffn_x0,N,"B/bp,Seq,D*H",1,stack24_mha_res,,E,10,"B/bp,Seq,H,D",1.00000000000000,,,"B/bp,Seq,H,D",1,,B*D*H*Seq/bp
stack24_ffn_w1,Y,"D*H,DF*H",1,,,T,,,,,,"D*H,DF*H",1,,
stack24_ffn_x1,N,"B/bp,Seq,DF*H",1,stack24_ffn_x0,stack24_ffn_w1,M,"bsd,de->bse","B/bp,Seq,D*H",1.00000000000000,"D*H,DF*H",1.00000000000000,"B/bp,Seq,DF*H",D*H,,B*D*DF*H**2*Seq/bp
stack24_ffn_w2,Y,"DF*H,D*H",1,,,T,,,,,,"DF*H,D*H",1,,
stack24_ffn_x2,N,"B/bp,Seq,D*H",1,stack24_ffn_x1,stack24_ffn_w2,M,"bsd,de->bse","B/bp,Seq,DF*H",1.00000000000000,"DF*H,D*H",1.00000000000000,"B/bp,Seq,D*H",DF*H,,B*D*DF*H**2*Seq/bp
stack24_ffn_res,N,"B/bp,Seq,D*H",1,stack24_ffn_x2,stack24_ffn_x0,A,,"B/bp,Seq,D*H",1.00000000000000,"B/bp,Seq,D*H",1.00000000000000,"B/bp,Seq,D*H",1,,B*D*H*Seq/bp
stack25_mha_x,N,"B/bp,Seq,H,D",1,stack24_ffn_res,,E,10,"B/bp,Seq,D*H",1.00000000000000,,,"B/bp,Seq,D*H",1,,10*B*D*H*Seq/bp
stack25_mha_wq,Y,"H,D,D",1,,,T,,,,,,"H,D,D",1,,
stack25_mha_wk,Y,"H,D,D",1,,,T,,,,,,"H,D,D",1,,
stack25_mha_wv,Y,"H,D,D",1,,,T,,,,,,"H,D,D",1,,
stack25_mha_q,N,"B/bp,Seq,H,D",1,stack25_mha_x,stack25_mha_wq,M,"bshd,hde->bshe","B/bp,Seq,H,D",1.00000000000000,"H,D,D",1.00000000000000,"B/bp,Seq,H,D",D,,B*D**2*H*Seq/bp
stack25_mha_k,N,"B/bp,Seq,H,D",1,stack25_mha_x,stack25_mha_wk,M,"bshd,hde->bshe","B/bp,Seq,H,D",1.00000000000000,"H,D,D",1.00000000000000,"B/bp,Seq,H,D",D,,B*D**2*H*Seq/bp
stack25_mha_v,N,"B/bp,Seq,H,D",1,stack25_mha_x,stack25_mha_wv,M,"bshd,hde->bshe","B/bp,Seq,H,D",1.00000000000000,"H,D,D",1.00000000000000,"B/bp,Seq,H,D",D,,B*D**2*H*Seq/bp
stack25_mha_qk,N,"B/bp,Seq,Seq,H",1,stack25_mha_q,stack25_mha_k,M,"bshd,bwhd->bswh","B/bp,Seq,H,D",1.00000000000000,"B/bp,Seq,H,D",1.00000000000000,"B/bp,Seq,Seq,H",D,,B*D*H*Seq**2/bp
stack25_mha_qkv,N,"B/bp,Seq,H,D",1,stack25_mha_qk,stack25_mha_v,M,"bswh,bwhd->bshd","B/bp,Seq,Seq,H",1.00000000000000,"B/bp,Seq,H,D",1.00000000000000,"B/bp,Seq,H,D",Seq,,B*D*H*Seq**2/bp
stack25_mha_res,N,"B/bp,Seq,H,D",1,stack25_mha_qkv,stack25_mha_x,A,,"B/bp,Seq,H,D",1.00000000000000,"B/bp,Seq,H,D",1.00000000000000,"B/bp,Seq,H,D",1,,B*D*H*Seq/bp
stack25_ffn_x0,N,"B/bp,Seq,D*H",1,stack25_mha_res,,E,10,"B/bp,Seq,H,D",1.00000000000000,,,"B/bp,Seq,H,D",1,,B*D*H*Seq/bp
stack25_ffn_w1,Y,"D*H,DF*H",1,,,T,,,,,,"D*H,DF*H",1,,
stack25_ffn_x1,N,"B/bp,Seq,DF*H",1,stack25_ffn_x0,stack25_ffn_w1,M,"bsd,de->bse","B/bp,Seq,D*H",1.00000000000000,"D*H,DF*H",1.00000000000000,"B/bp,Seq,DF*H",D*H,,B*D*DF*H**2*Seq/bp
stack25_ffn_w2,Y,"DF*H,D*H",1,,,T,,,,,,"DF*H,D*H",1,,
stack25_ffn_x2,N,"B/bp,Seq,D*H",1,stack25_ffn_x1,stack25_ffn_w2,M,"bsd,de->bse","B/bp,Seq,DF*H",1.00000000000000,"DF*H,D*H",1.00000000000000,"B/bp,Seq,D*H",DF*H,,B*D*DF*H**2*Seq/bp
stack25_ffn_res,N,"B/bp,Seq,D*H",1,stack25_ffn_x2,stack25_ffn_x0,A,,"B/bp,Seq,D*H",1.00000000000000,"B/bp,Seq,D*H",1.00000000000000,"B/bp,Seq,D*H",1,,B*D*H*Seq/bp
stack26_mha_x,N,"B/bp,Seq,H,D",1,stack25_ffn_res,,E,10,"B/bp,Seq,D*H",1.00000000000000,,,"B/bp,Seq,D*H",1,,10*B*D*H*Seq/bp
stack26_mha_wq,Y,"H,D,D",1,,,T,,,,,,"H,D,D",1,,
stack26_mha_wk,Y,"H,D,D",1,,,T,,,,,,"H,D,D",1,,
stack26_mha_wv,Y,"H,D,D",1,,,T,,,,,,"H,D,D",1,,
stack26_mha_q,N,"B/bp,Seq,H,D",1,stack26_mha_x,stack26_mha_wq,M,"bshd,hde->bshe","B/bp,Seq,H,D",1.00000000000000,"H,D,D",1.00000000000000,"B/bp,Seq,H,D",D,,B*D**2*H*Seq/bp
stack26_mha_k,N,"B/bp,Seq,H,D",1,stack26_mha_x,stack26_mha_wk,M,"bshd,hde->bshe","B/bp,Seq,H,D",1.00000000000000,"H,D,D",1.00000000000000,"B/bp,Seq,H,D",D,,B*D**2*H*Seq/bp
stack26_mha_v,N,"B/bp,Seq,H,D",1,stack26_mha_x,stack26_mha_wv,M,"bshd,hde->bshe","B/bp,Seq,H,D",1.00000000000000,"H,D,D",1.00000000000000,"B/bp,Seq,H,D",D,,B*D**2*H*Seq/bp
stack26_mha_qk,N,"B/bp,Seq,Seq,H",1,stack26_mha_q,stack26_mha_k,M,"bshd,bwhd->bswh","B/bp,Seq,H,D",1.00000000000000,"B/bp,Seq,H,D",1.00000000000000,"B/bp,Seq,Seq,H",D,,B*D*H*Seq**2/bp
stack26_mha_qkv,N,"B/bp,Seq,H,D",1,stack26_mha_qk,stack26_mha_v,M,"bswh,bwhd->bshd","B/bp,Seq,Seq,H",1.00000000000000,"B/bp,Seq,H,D",1.00000000000000,"B/bp,Seq,H,D",Seq,,B*D*H*Seq**2/bp
stack26_mha_res,N,"B/bp,Seq,H,D",1,stack26_mha_qkv,stack26_mha_x,A,,"B/bp,Seq,H,D",1.00000000000000,"B/bp,Seq,H,D",1.00000000000000,"B/bp,Seq,H,D",1,,B*D*H*Seq/bp
stack26_ffn_x0,N,"B/bp,Seq,D*H",1,stack26_mha_res,,E,10,"B/bp,Seq,H,D",1.00000000000000,,,"B/bp,Seq,H,D",1,,B*D*H*Seq/bp
stack26_ffn_w1,Y,"D*H,DF*H",1,,,T,,,,,,"D*H,DF*H",1,,
stack26_ffn_x1,N,"B/bp,Seq,DF*H",1,stack26_ffn_x0,stack26_ffn_w1,M,"bsd,de->bse","B/bp,Seq,D*H",1.00000000000000,"D*H,DF*H",1.00000000000000,"B/bp,Seq,DF*H",D*H,,B*D*DF*H**2*Seq/bp
stack26_ffn_w2,Y,"DF*H,D*H",1,,,T,,,,,,"DF*H,D*H",1,,
stack26_ffn_x2,N,"B/bp,Seq,D*H",1,stack26_ffn_x1,stack26_ffn_w2,M,"bsd,de->bse","B/bp,Seq,DF*H",1.00000000000000,"DF*H,D*H",1.00000000000000,"B/bp,Seq,D*H",DF*H,,B*D*DF*H**2*Seq/bp
stack26_ffn_res,N,"B/bp,Seq,D*H",1,stack26_ffn_x2,stack26_ffn_x0,A,,"B/bp,Seq,D*H",1.00000000000000,"B/bp,Seq,D*H",1.00000000000000,"B/bp,Seq,D*H",1,,B*D*H*Seq/bp
stack27_mha_x,N,"B/bp,Seq,H,D",1,stack26_ffn_res,,E,10,"B/bp,Seq,D*H",1.00000000000000,,,"B/bp,Seq,D*H",1,,10*B*D*H*Seq/bp
stack27_mha_wq,Y,"H,D,D",1,,,T,,,,,,"H,D,D",1,,
stack27_mha_wk,Y,"H,D,D",1,,,T,,,,,,"H,D,D",1,,
stack27_mha_wv,Y,"H,D,D",1,,,T,,,,,,"H,D,D",1,,
stack27_mha_q,N,"B/bp,Seq,H,D",1,stack27_mha_x,stack27_mha_wq,M,"bshd,hde->bshe","B/bp,Seq,H,D",1.00000000000000,"H,D,D",1.00000000000000,"B/bp,Seq,H,D",D,,B*D**2*H*Seq/bp
stack27_mha_k,N,"B/bp,Seq,H,D",1,stack27_mha_x,stack27_mha_wk,M,"bshd,hde->bshe","B/bp,Seq,H,D",1.00000000000000,"H,D,D",1.00000000000000,"B/bp,Seq,H,D",D,,B*D**2*H*Seq/bp
stack27_mha_v,N,"B/bp,Seq,H,D",1,stack27_mha_x,stack27_mha_wv,M,"bshd,hde->bshe","B/bp,Seq,H,D",1.00000000000000,"H,D,D",1.00000000000000,"B/bp,Seq,H,D",D,,B*D**2*H*Seq/bp
stack27_mha_qk,N,"B/bp,Seq,Seq,H",1,stack27_mha_q,stack27_mha_k,M,"bshd,bwhd->bswh","B/bp,Seq,H,D",1.00000000000000,"B/bp,Seq,H,D",1.00000000000000,"B/bp,Seq,Seq,H",D,,B*D*H*Seq**2/bp
stack27_mha_qkv,N,"B/bp,Seq,H,D",1,stack27_mha_qk,stack27_mha_v,M,"bswh,bwhd->bshd","B/bp,Seq,Seq,H",1.00000000000000,"B/bp,Seq,H,D",1.00000000000000,"B/bp,Seq,H,D",Seq,,B*D*H*Seq**2/bp
stack27_mha_res,N,"B/bp,Seq,H,D",1,stack27_mha_qkv,stack27_mha_x,A,,"B/bp,Seq,H,D",1.00000000000000,"B/bp,Seq,H,D",1.00000000000000,"B/bp,Seq,H,D",1,,B*D*H*Seq/bp
stack27_ffn_x0,N,"B/bp,Seq,D*H",1,stack27_mha_res,,E,10,"B/bp,Seq,H,D",1.00000000000000,,,"B/bp,Seq,H,D",1,,B*D*H*Seq/bp
stack27_ffn_w1,Y,"D*H,DF*H",1,,,T,,,,,,"D*H,DF*H",1,,
stack27_ffn_x1,N,"B/bp,Seq,DF*H",1,stack27_ffn_x0,stack27_ffn_w1,M,"bsd,de->bse","B/bp,Seq,D*H",1.00000000000000,"D*H,DF*H",1.00000000000000,"B/bp,Seq,DF*H",D*H,,B*D*DF*H**2*Seq/bp
stack27_ffn_w2,Y,"DF*H,D*H",1,,,T,,,,,,"DF*H,D*H",1,,
stack27_ffn_x2,N,"B/bp,Seq,D*H",1,stack27_ffn_x1,stack27_ffn_w2,M,"bsd,de->bse","B/bp,Seq,DF*H",1.00000000000000,"DF*H,D*H",1.00000000000000,"B/bp,Seq,D*H",DF*H,,B*D*DF*H**2*Seq/bp
stack27_ffn_res,N,"B/bp,Seq,D*H",1,stack27_ffn_x2,stack27_ffn_x0,A,,"B/bp,Seq,D*H",1.00000000000000,"B/bp,Seq,D*H",1.00000000000000,"B/bp,Seq,D*H",1,,B*D*H*Seq/bp
stack28_mha_x,N,"B/bp,Seq,H,D",1,stack27_ffn_res,,E,10,"B/bp,Seq,D*H",1.00000000000000,,,"B/bp,Seq,D*H",1,,10*B*D*H*Seq/bp
stack28_mha_wq,Y,"H,D,D",1,,,T,,,,,,"H,D,D",1,,
stack28_mha_wk,Y,"H,D,D",1,,,T,,,,,,"H,D,D",1,,
stack28_mha_wv,Y,"H,D,D",1,,,T,,,,,,"H,D,D",1,,
stack28_mha_q,N,"B/bp,Seq,H,D",1,stack28_mha_x,stack28_mha_wq,M,"bshd,hde->bshe","B/bp,Seq,H,D",1.00000000000000,"H,D,D",1.00000000000000,"B/bp,Seq,H,D",D,,B*D**2*H*Seq/bp
stack28_mha_k,N,"B/bp,Seq,H,D",1,stack28_mha_x,stack28_mha_wk,M,"bshd,hde->bshe","B/bp,Seq,H,D",1.00000000000000,"H,D,D",1.00000000000000,"B/bp,Seq,H,D",D,,B*D**2*H*Seq/bp
stack28_mha_v,N,"B/bp,Seq,H,D",1,stack28_mha_x,stack28_mha_wv,M,"bshd,hde->bshe","B/bp,Seq,H,D",1.00000000000000,"H,D,D",1.00000000000000,"B/bp,Seq,H,D",D,,B*D**2*H*Seq/bp
stack28_mha_qk,N,"B/bp,Seq,Seq,H",1,stack28_mha_q,stack28_mha_k,M,"bshd,bwhd->bswh","B/bp,Seq,H,D",1.00000000000000,"B/bp,Seq,H,D",1.00000000000000,"B/bp,Seq,Seq,H",D,,B*D*H*Seq**2/bp
stack28_mha_qkv,N,"B/bp,Seq,H,D",1,stack28_mha_qk,stack28_mha_v,M,"bswh,bwhd->bshd","B/bp,Seq,Seq,H",1.00000000000000,"B/bp,Seq,H,D",1.00000000000000,"B/bp,Seq,H,D",Seq,,B*D*H*Seq**2/bp
stack28_mha_res,N,"B/bp,Seq,H,D",1,stack28_mha_qkv,stack28_mha_x,A,,"B/bp,Seq,H,D",1.00000000000000,"B/bp,Seq,H,D",1.00000000000000,"B/bp,Seq,H,D",1,,B*D*H*Seq/bp
stack28_ffn_x0,N,"B/bp,Seq,D*H",1,stack28_mha_res,,E,10,"B/bp,Seq,H,D",1.00000000000000,,,"B/bp,Seq,H,D",1,,B*D*H*Seq/bp
stack28_ffn_w1,Y,"D*H,DF*H",1,,,T,,,,,,"D*H,DF*H",1,,
stack28_ffn_x1,N,"B/bp,Seq,DF*H",1,stack28_ffn_x0,stack28_ffn_w1,M,"bsd,de->bse","B/bp,Seq,D*H",1.00000000000000,"D*H,DF*H",1.00000000000000,"B/bp,Seq,DF*H",D*H,,B*D*DF*H**2*Seq/bp
stack28_ffn_w2,Y,"DF*H,D*H",1,,,T,,,,,,"DF*H,D*H",1,,
stack28_ffn_x2,N,"B/bp,Seq,D*H",1,stack28_ffn_x1,stack28_ffn_w2,M,"bsd,de->bse","B/bp,Seq,DF*H",1.00000000000000,"DF*H,D*H",1.00000000000000,"B/bp,Seq,D*H",DF*H,,B*D*DF*H**2*Seq/bp
stack28_ffn_res,N,"B/bp,Seq,D*H",1,stack28_ffn_x2,stack28_ffn_x0,A,,"B/bp,Seq,D*H",1.00000000000000,"B/bp,Seq,D*H",1.00000000000000,"B/bp,Seq,D*H",1,,B*D*H*Seq/bp
stack29_mha_x,N,"B/bp,Seq,H,D",1,stack28_ffn_res,,E,10,"B/bp,Seq,D*H",1.00000000000000,,,"B/bp,Seq,D*H",1,,10*B*D*H*Seq/bp
stack29_mha_wq,Y,"H,D,D",1,,,T,,,,,,"H,D,D",1,,
stack29_mha_wk,Y,"H,D,D",1,,,T,,,,,,"H,D,D",1,,
stack29_mha_wv,Y,"H,D,D",1,,,T,,,,,,"H,D,D",1,,
stack29_mha_q,N,"B/bp,Seq,H,D",1,stack29_mha_x,stack29_mha_wq,M,"bshd,hde->bshe","B/bp,Seq,H,D",1.00000000000000,"H,D,D",1.00000000000000,"B/bp,Seq,H,D",D,,B*D**2*H*Seq/bp
stack29_mha_k,N,"B/bp,Seq,H,D",1,stack29_mha_x,stack29_mha_wk,M,"bshd,hde->bshe","B/bp,Seq,H,D",1.00000000000000,"H,D,D",1.00000000000000,"B/bp,Seq,H,D",D,,B*D**2*H*Seq/bp
stack29_mha_v,N,"B/bp,Seq,H,D",1,stack29_mha_x,stack29_mha_wv,M,"bshd,hde->bshe","B/bp,Seq,H,D",1.00000000000000,"H,D,D",1.00000000000000,"B/bp,Seq,H,D",D,,B*D**2*H*Seq/bp
stack29_mha_qk,N,"B/bp,Seq,Seq,H",1,stack29_mha_q,stack29_mha_k,M,"bshd,bwhd->bswh","B/bp,Seq,H,D",1.00000000000000,"B/bp,Seq,H,D",1.00000000000000,"B/bp,Seq,Seq,H",D,,B*D*H*Seq**2/bp
stack29_mha_qkv,N,"B/bp,Seq,H,D",1,stack29_mha_qk,stack29_mha_v,M,"bswh,bwhd->bshd","B/bp,Seq,Seq,H",1.00000000000000,"B/bp,Seq,H,D",1.00000000000000,"B/bp,Seq,H,D",Seq,,B*D*H*Seq**2/bp
stack29_mha_res,N,"B/bp,Seq,H,D",1,stack29_mha_qkv,stack29_mha_x,A,,"B/bp,Seq,H,D",1.00000000000000,"B/bp,Seq,H,D",1.00000000000000,"B/bp,Seq,H,D",1,,B*D*H*Seq/bp
stack29_ffn_x0,N,"B/bp,Seq,D*H",1,stack29_mha_res,,E,10,"B/bp,Seq,H,D",1.00000000000000,,,"B/bp,Seq,H,D",1,,B*D*H*Seq/bp
stack29_ffn_w1,Y,"D*H,DF*H",1,,,T,,,,,,"D*H,DF*H",1,,
stack29_ffn_x1,N,"B/bp,Seq,DF*H",1,stack29_ffn_x0,stack29_ffn_w1,M,"bsd,de->bse","B/bp,Seq,D*H",1.00000000000000,"D*H,DF*H",1.00000000000000,"B/bp,Seq,DF*H",D*H,,B*D*DF*H**2*Seq/bp
stack29_ffn_w2,Y,"DF*H,D*H",1,,,T,,,,,,"DF*H,D*H",1,,
stack29_ffn_x2,N,"B/bp,Seq,D*H",1,stack29_ffn_x1,stack29_ffn_w2,M,"bsd,de->bse","B/bp,Seq,DF*H",1.00000000000000,"DF*H,D*H",1.00000000000000,"B/bp,Seq,D*H",DF*H,,B*D*DF*H**2*Seq/bp
stack29_ffn_res,N,"B/bp,Seq,D*H",1,stack29_ffn_x2,stack29_ffn_x0,A,,"B/bp,Seq,D*H",1.00000000000000,"B/bp,Seq,D*H",1.00000000000000,"B/bp,Seq,D*H",1,,B*D*H*Seq/bp
stack30_mha_x,N,"B/bp,Seq,H,D",1,stack29_ffn_res,,E,10,"B/bp,Seq,D*H",1.00000000000000,,,"B/bp,Seq,D*H",1,,10*B*D*H*Seq/bp
stack30_mha_wq,Y,"H,D,D",1,,,T,,,,,,"H,D,D",1,,
stack30_mha_wk,Y,"H,D,D",1,,,T,,,,,,"H,D,D",1,,
stack30_mha_wv,Y,"H,D,D",1,,,T,,,,,,"H,D,D",1,,
stack30_mha_q,N,"B/bp,Seq,H,D",1,stack30_mha_x,stack30_mha_wq,M,"bshd,hde->bshe","B/bp,Seq,H,D",1.00000000000000,"H,D,D",1.00000000000000,"B/bp,Seq,H,D",D,,B*D**2*H*Seq/bp
stack30_mha_k,N,"B/bp,Seq,H,D",1,stack30_mha_x,stack30_mha_wk,M,"bshd,hde->bshe","B/bp,Seq,H,D",1.00000000000000,"H,D,D",1.00000000000000,"B/bp,Seq,H,D",D,,B*D**2*H*Seq/bp
stack30_mha_v,N,"B/bp,Seq,H,D",1,stack30_mha_x,stack30_mha_wv,M,"bshd,hde->bshe","B/bp,Seq,H,D",1.00000000000000,"H,D,D",1.00000000000000,"B/bp,Seq,H,D",D,,B*D**2*H*Seq/bp
stack30_mha_qk,N,"B/bp,Seq,Seq,H",1,stack30_mha_q,stack30_mha_k,M,"bshd,bwhd->bswh","B/bp,Seq,H,D",1.00000000000000,"B/bp,Seq,H,D",1.00000000000000,"B/bp,Seq,Seq,H",D,,B*D*H*Seq**2/bp
stack30_mha_qkv,N,"B/bp,Seq,H,D",1,stack30_mha_qk,stack30_mha_v,M,"bswh,bwhd->bshd","B/bp,Seq,Seq,H",1.00000000000000,"B/bp,Seq,H,D",1.00000000000000,"B/bp,Seq,H,D",Seq,,B*D*H*Seq**2/bp
stack30_mha_res,N,"B/bp,Seq,H,D",1,stack30_mha_qkv,stack30_mha_x,A,,"B/bp,Seq,H,D",1.00000000000000,"B/bp,Seq,H,D",1.00000000000000,"B/bp,Seq,H,D",1,,B*D*H*Seq/bp
stack30_ffn_x0,N,"B/bp,Seq,D*H",1,stack30_mha_res,,E,10,"B/bp,Seq,H,D",1.00000000000000,,,"B/bp,Seq,H,D",1,,B*D*H*Seq/bp
stack30_ffn_w1,Y,"D*H,DF*H",1,,,T,,,,,,"D*H,DF*H",1,,
stack30_ffn_x1,N,"B/bp,Seq,DF*H",1,stack30_ffn_x0,stack30_ffn_w1,M,"bsd,de->bse","B/bp,Seq,D*H",1.00000000000000,"D*H,DF*H",1.00000000000000,"B/bp,Seq,DF*H",D*H,,B*D*DF*H**2*Seq/bp
stack30_ffn_w2,Y,"DF*H,D*H",1,,,T,,,,,,"DF*H,D*H",1,,
stack30_ffn_x2,N,"B/bp,Seq,D*H",1,stack30_ffn_x1,stack30_ffn_w2,M,"bsd,de->bse","B/bp,Seq,DF*H",1.00000000000000,"DF*H,D*H",1.00000000000000,"B/bp,Seq,D*H",DF*H,,B*D*DF*H**2*Seq/bp
stack30_ffn_res,N,"B/bp,Seq,D*H",1,stack30_ffn_x2,stack30_ffn_x0,A,,"B/bp,Seq,D*H",1.00000000000000,"B/bp,Seq,D*H",1.00000000000000,"B/bp,Seq,D*H",1,,B*D*H*Seq/bp
stack31_mha_x,N,"B/bp,Seq,H,D",1,stack30_ffn_res,,E,10,"B/bp,Seq,D*H",1.00000000000000,,,"B/bp,Seq,D*H",1,,10*B*D*H*Seq/bp
stack31_mha_wq,Y,"H,D,D",1,,,T,,,,,,"H,D,D",1,,
stack31_mha_wk,Y,"H,D,D",1,,,T,,,,,,"H,D,D",1,,
stack31_mha_wv,Y,"H,D,D",1,,,T,,,,,,"H,D,D",1,,
stack31_mha_q,N,"B/bp,Seq,H,D",1,stack31_mha_x,stack31_mha_wq,M,"bshd,hde->bshe","B/bp,Seq,H,D",1.00000000000000,"H,D,D",1.00000000000000,"B/bp,Seq,H,D",D,,B*D**2*H*Seq/bp
stack31_mha_k,N,"B/bp,Seq,H,D",1,stack31_mha_x,stack31_mha_wk,M,"bshd,hde->bshe","B/bp,Seq,H,D",1.00000000000000,"H,D,D",1.00000000000000,"B/bp,Seq,H,D",D,,B*D**2*H*Seq/bp
stack31_mha_v,N,"B/bp,Seq,H,D",1,stack31_mha_x,stack31_mha_wv,M,"bshd,hde->bshe","B/bp,Seq,H,D",1.00000000000000,"H,D,D",1.00000000000000,"B/bp,Seq,H,D",D,,B*D**2*H*Seq/bp
stack31_mha_qk,N,"B/bp,Seq,Seq,H",1,stack31_mha_q,stack31_mha_k,M,"bshd,bwhd->bswh","B/bp,Seq,H,D",1.00000000000000,"B/bp,Seq,H,D",1.00000000000000,"B/bp,Seq,Seq,H",D,,B*D*H*Seq**2/bp
stack31_mha_qkv,N,"B/bp,Seq,H,D",1,stack31_mha_qk,stack31_mha_v,M,"bswh,bwhd->bshd","B/bp,Seq,Seq,H",1.00000000000000,"B/bp,Seq,H,D",1.00000000000000,"B/bp,Seq,H,D",Seq,,B*D*H*Seq**2/bp
stack31_mha_res,N,"B/bp,Seq,H,D",1,stack31_mha_qkv,stack31_mha_x,A,,"B/bp,Seq,H,D",1.00000000000000,"B/bp,Seq,H,D",1.00000000000000,"B/bp,Seq,H,D",1,,B*D*H*Seq/bp
stack31_ffn_x0,N,"B/bp,Seq,D*H",1,stack31_mha_res,,E,10,"B/bp,Seq,H,D",1.00000000000000,,,"B/bp,Seq,H,D",1,,B*D*H*Seq/bp
stack31_ffn_w1,Y,"D*H,DF*H",1,,,T,,,,,,"D*H,DF*H",1,,
stack31_ffn_x1,N,"B/bp,Seq,DF*H",1,stack31_ffn_x0,stack31_ffn_w1,M,"bsd,de->bse","B/bp,Seq,D*H",1.00000000000000,"D*H,DF*H",1.00000000000000,"B/bp,Seq,DF*H",D*H,,B*D*DF*H**2*Seq/bp
stack31_ffn_w2,Y,"DF*H,D*H",1,,,T,,,,,,"DF*H,D*H",1,,
stack31_ffn_x2,N,"B/bp,Seq,D*H",1,stack31_ffn_x1,stack31_ffn_w2,M,"bsd,de->bse","B/bp,Seq,DF*H",1.00000000000000,"DF*H,D*H",1.00000000000000,"B/bp,Seq,D*H",DF*H,,B*D*DF*H**2*Seq/bp
stack31_ffn_res,N,"B/bp,Seq,D*H",1,stack31_ffn_x2,stack31_ffn_x0,A,,"B/bp,Seq,D*H",1.00000000000000,"B/bp,Seq,D*H",1.00000000000000,"B/bp,Seq,D*H",1,,B*D*H*Seq/bp
stack31_ffn_norm,N,"B/bp,Seq,D*H",1,stack31_ffn_res,,E,10,"B/bp,Seq,D*H",1.00000000000000,,,"B/bp,Seq,D*H",1,,10*B*D*H*Seq/bp
